employee_id,email,full_name,age,phone,salary,department,registration_date
1,danielnichols@example.com,Victoria Phelps,50,506-884-0560,67000.0,Marketing,2025-13-35
2,john82@example.net,Jacob Bennett,32,647-909-9318x56721,71000.0,Engineering,2025-05-20
3,steven@invalid,Angela Johnson,71,(644)457-8099,40000.0,HR,2023-12-07
4,shernandez@example.org,Thomas Carter,69,123,79000.0,InvalidDept,2024-05-24
5,robertbrown@example.com,Cynthia Wallace,24,(332)329-7935x172,142000.0,Engineering,2025-05-21
6,xhernandez@example.net,Lori Perez,45,123,38000.0,HR,2025-02-14
7,pmcbride@example.net,Amber Lloyd,51,+1-826-530-2175,148000.0,Marketing,2024-08-21
8,harrisroberto@example.net,Shirley Schultz,87,342-978-8382x01111,97000.0,Engineering,2024-05-02
9,markcohen@example.org,Derek Jackson,18,(219)741-0793,108000.0,Engineering,2024-06-26
10,weaverkristina@example.com,Jason Davis,62,6196565487,55000.0,Engineering,2025-01-18
11,lovejimmy@example.net,Melvin Nelson,19,712.929.7054,60000.0,Marketing,2023-07-20
12,delgadokurt@example.com,Michael Love,74,419-351-7925x875,133000.0,Finance,2024-01-20
13,dsanchez@example.com,Shane Lawrence,86,9784512376,141000.0,Marketing,2023-09-04
14,jhansen@example.org,David Thomas MD,75,(787)820-8255,130000.0,Engineering,2025-02-20
15,karenrivera@example.com,,42,+1-892-670-4954x8523,97000.0,Marketing,2024-04-01
16,sethcampbell@example.org,Edward Sanders,69,123,93000.0,Finance,2025-03-17
17,tiffany03@example.org,Christopher Perkins,54,7148778137,101000.0,Finance,2024-12-12
18,brian@invalid,Andrea Casey,22,123,145000.0,InvalidDept,2024-12-05
19,ukennedy@example.com,Andrea Arnold,81,(265)406-6356x430,114000.0,Engineering,2024-04-06
20,xmichael@example.net,Bridget Holmes,86,828-376-7522,95000.0,Engineering,2024-09-21
21,lindseyortiz@example.com,Kevin Williamson,38,123,88000.0,Finance,2023-09-22
22,johngriffin@example.net,Michelle Rich,63,(908)208-0745x73940,129000.0,Finance,2023-10-26
23,ricardo68@example.com,,19,206-437-1476x42252,92000.0,Engineering,2024-01-28
24,nguyendavid@example.net,Jeremiah King,29,+1-587-955-0796x02719,48000.0,Marketing,2025-02-01
25,maria@invalid,Nancy Austin,88,(986)363-9238,58000.0,HR,2023-10-18
26,rknapp@example.org,Matthew Carter,88,123,52000.0,Sales,2024-06-02
27,laurapadilla@example.net,Edgar Foster,37,+1-890-831-1018x9308,131000.0,Finance,2025-05-18
28,jenningscraig@example.org,Juan Park,34,225-965-3699x66585,125000.0,Engineering,2023-07-21
29,mckinneysarah@example.com,Jose Barnes,89,9528427834,124000.0,Finance,2024-11-21
30,brittany@invalid,Jordan Peterson,90,2758424053,102000.0,Marketing,2024-09-12
31,qfisher@example.org,,32,(552)483-6477,123000.0,Engineering,2025-03-19
32,careyluke@example.net,Luke Garner,64,123,104000.0,Finance,2025-01-31
33,khenry@example.com,Jeffery Bradley,63,001-941-405-7768x80032,137000.0,HR,2024-10-30
34,taylorkimberly@example.org,James Wade,75,+1-868-504-6502x99105,45000.0,Sales,2025-05-25
35,fmartinez@example.com,Shaun Garrett,24,599.940.1098x9866,147000.0,Marketing,2024-01-21
36,sherrycox@example.org,Kimberly Gonzalez,73,(766)314-0331,118000.0,HR,2025-13-35
37,elucas@example.org,Ann Brown,60,804.592.4093,91000.0,Marketing,2024-06-21
38,pnelson@example.com,Dr. Charles Walker,86,720.371.1836,72000.0,Finance,2024-06-26
39,jennifer82@example.org,Eric Cook,47,+1-482-231-8155x452,136000.0,HR,2023-07-25
40,caroline15@example.com,Lori Santiago,58,236.349.7590x334,51000.0,Engineering,2023-09-05
41,delgadodavid@example.org,Steven Stevenson DVM,74,383-563-4475x2487,53000.0,Sales,2024-10-07
42,chadtorres@example.org,Oscar Ray,40,206.219.1064,110000.0,Sales,2023-07-23
43,nelsondavid@example.net,Brian Woods,81,(980)345-1088,59000.0,Engineering,2025-06-20
44,williamcastro@example.com,Melissa Villarreal,29,001-808-460-6387x660,64000.0,Sales,2024-12-01
45,amanda@invalid,Donna Marsh,53,4556378405,77000.0,Marketing,2025-04-10
46,jerome07@example.net,Thomas Thomas,26,+1-661-992-0188x496,85000.0,Finance,2024-03-05
47,william12@example.net,Douglas Boone,86,5223788742,70000.0,HR,2024-12-14
48,hardinronald@example.org,Kevin Gardner,68,+1-788-420-0255x1565,80000.0,HR,2024-07-23
49,robinsonjonathan@example.org,Christine Lawrence,79,+1-240-913-3293,105000.0,Engineering,2024-05-17
50,stevenmurphy@example.com,Lauren Jenkins,60,123,127000.0,Sales,2025-06-28
51,cody74@example.org,Joseph Smith,51,845.337.6362x1570,114000.0,Finance,2025-02-03
52,laurapaul@example.org,Alicia Chang,49,001-470-252-3995x681,50000.0,Finance,2024-02-09
53,hjackson@example.org,Stanley Lopez,87,963-793-9070,49000.0,Marketing,2024-08-20
54,robertjohnston@example.com,Crystal Kennedy,38,(496)496-0611,93000.0,Engineering,2024-06-15
55,mendezmichael@example.net,Mrs. Erin Berry,44,349.656.5992x25039,134000.0,HR,2025-06-30
56,andrewfarmer@example.com,Adam Nelson,60,+1-645-222-7730,59000.0,Finance,2023-10-06
57,joannachandler@example.net,Jerry Chen,45,534.569.2846x92284,145000.0,Engineering,2024-07-10
58,lbass@example.net,Kenneth Patton,32,123,105000.0,Marketing,2024-09-25
59,kennethjones@example.com,Robert May,85,389-594-0365,143000.0,HR,2023-07-29
60,jessicacooper@example.net,Sarah Berg,36,(881)537-3269x197,125000.0,Marketing,2024-02-07
61,uramirez@example.net,Thomas Henry,66,001-516-795-3363x12410,135000.0,Finance,2025-03-19
62,emorgan@example.net,Philip Lynn,70,001-609-896-8740x985,137000.0,Marketing,2024-12-19
63,ryanmendoza@example.org,Frank Long,22,(493)668-4234x5413,42000.0,Sales,2024-06-20
64,krista@invalid,Donna Frazier,71,646-275-0761,40000.0,Engineering,2024-07-25
65,laurenhodges@example.com,Juan Cole,20,(206)407-8290,99000.0,Marketing,2024-10-30
66,william11@example.com,Ryan Rubio,28,487.454.9505x69276,31000.0,HR,2024-02-28
67,trevor53@example.org,Chad Collins,68,123,112000.0,Sales,2023-10-18
68,mmartinez@example.net,Donald Cannon,18,+1-382-719-4454x738,96000.0,Engineering,2024-07-30
69,littletara@example.com,Erica Gibson,25,001-728-844-6255x12961,36000.0,HR,2024-08-21
70,rachelwalsh@example.com,Nicole Martinez,27,(726)490-1477,68000.0,HR,2025-02-08
71,tylerramirez@example.net,Miranda Holden MD,108,8264687313,59000.0,Sales,2024-10-04
72,jacqueline44@example.com,Jeremy Delacruz,61,5496929720,84000.0,Finance,2024-11-14
73,amanda06@example.com,Lisa Jenkins,77,731.963.2062x91011,68000.0,HR,2025-02-18
74,mcintoshaaron@example.com,Jessica Martin,24,123,54000.0,Finance,2023-09-25
75,dgarcia@example.com,Lisa Thomas,31,+1-658-216-2870x48093,118000.0,HR,2025-04-29
76,rebeccaboyd@example.org,Stephen Navarro,84,+1-916-609-1903x739,107000.0,HR,2023-10-02
77,kevinjacobs@example.org,Harold Dunn,32,669-407-8912x4364,127000.0,Sales,2024-10-16
78,brewercarla@example.org,Jared Brewer,38,836-569-6153,51000.0,Finance,2025-01-07
79,travis63@example.net,Thomas Hull,75,363.440.1355x27808,84000.0,Finance,2025-01-04
80,tina60@example.org,Brian Bailey,41,(786)782-5555x04747,,Engineering,2024-11-10
81,sandersdiana@example.net,Sarah White,50,922.460.3393,66000.0,Sales,2024-03-28
82,mahoneyaaron@example.org,,82,+1-554-733-0394x147,92000.0,Finance,2024-01-28
83,zcole@example.org,Margaret Moore,82,001-963-478-4957x70030,132000.0,Marketing,2023-11-27
84,qprice@example.com,Jasmine Baird,65,+1-482-877-6220x5543,146000.0,Marketing,2024-11-10
85,bakerbrian@example.com,Robert Miller,26,(586)566-6829x7063,34000.0,Finance,2025-06-07
86,robert94@example.com,Diana Graham,37,713.480.1980,88000.0,Sales,2024-10-31
87,waresabrina@example.org,Zachary Johnson,29,(489)746-3011,33000.0,Finance,2025-06-20
88,denise53@example.org,Joseph Mcclure,22,001-267-915-3838x5938,79000.0,Engineering,2024-05-28
89,eweaver@example.net,Michael Nash,35,001-812-761-9163x09165,121000.0,Engineering,2024-09-16
90,henryjames@example.org,Deborah Page,32,001-934-265-8685x828,30000.0,Engineering,2024-12-27
91,richardroberts@example.org,Courtney Boyd,49,462-724-9452x098,109000.0,Finance,2024-02-21
92,anthonybarnes@example.org,Ashlee Smith,22,(464)418-5303x61545,147000.0,Finance,2024-05-18
93,anthonybarnes@example.org,Kelly Keith,33,415-845-2975,52000.0,Sales,2023-07-11
94,kyle@invalid,Amy Taylor,40,3118988450,82000.0,Finance,2024-07-30
95,jennifer97@example.org,Jeffrey Dennis,18,+1-649-927-0668x149,129000.0,InvalidDept,2025-06-05
96,ronaldbuchanan@example.com,Eileen Bryant,77,123,42000.0,Sales,2025-02-11
97,katherine@invalid,Brian Sutton,44,123,75000.0,Finance,2024-07-01
98,courtneyshepard@example.net,Leslie Day,31,8748283842,136000.0,Engineering,2024-01-22
99,courtneyshepard@example.net,John Johnson,43,001-823-997-6134,82000.0,InvalidDept,2024-02-10
100,ledavid@example.org,Lisa Pham,58,257.755.0850,142000.0,Sales,2025-02-14
101,tami@invalid,Gina Caldwell,69,001-269-646-3974x384,109000.0,Sales,2023-10-17
102,travis57@example.org,Alyssa Shaw,69,434-915-0221,88000.0,HR,2025-04-25
103,kaylee@invalid,,66,(473)498-3914x28782,133000.0,Marketing,2025-05-05
104,rcoffey@example.net,Andrew Brown,56,2502533774,112000.0,HR,2024-11-13
105,maria37@example.org,Charles Estrada,28,123,85000.0,Marketing,2023-08-08
106,brandiwilliams@example.com,Catherine Clark,72,123,51000.0,Engineering,2023-10-13
107,saramiller@example.org,Amy Young,49,+1-817-395-8994x85183,143000.0,Finance,2025-01-30
108,lisa57@example.net,Kristen Martin,67,7549529195,72000.0,Sales,2024-05-15
109,krista92@example.com,John Alexander,32,(709)868-7118x766,87000.0,Sales,2025-06-12
110,george@invalid,Charles Robinson,74,001-540-758-7333x5586,60000.0,HR,2025-02-26
111,chelsea17@example.com,Amy Kerr,37,123,67000.0,Finance,2023-12-23
112,htaylor@example.com,Krista Pennington,72,545-296-6961x325,34000.0,Sales,2023-10-16
113,adamsbryan@example.net,Austin Whitaker,54,(217)405-1663,91000.0,HR,2025-06-30
114,lawrencedaniel@example.com,Jonathon Sims,31,+1-396-868-0943x429,35000.0,Finance,2024-11-18
115,ashley06@example.com,,80,3205205020,125000.0,HR,2024-12-12
116,stacy80@example.com,Matthew Rogers,31,001-638-364-0781,101000.0,Engineering,2024-03-18
117,qcampbell@example.org,Michael Barnett,51,668-929-2440,86000.0,HR,2023-12-14
118,prodriguez@example.net,Christopher Roach DVM,26,521.496.0837x28663,35000.0,Finance,2024-04-27
119,hpeterson@example.com,Timothy Rivera,20,123,56000.0,Finance,2025-01-21
120,schristensen@example.org,Jeffrey Adams,22,001-712-631-3260x735,97000.0,Marketing,2023-08-03
121,fernandezmatthew@example.org,Lisa Kelly,48,+1-978-987-3108x52764,33000.0,Engineering,2024-07-26
122,vanessabender@example.com,Robert Wood MD,75,+1-378-894-9939x41018,,Marketing,2025-02-15
123,lopezteresa@example.org,Mark James,49,001-464-484-1050x5804,37000.0,HR,2024-09-30
124,judymccormick@example.org,Michael Rosario,79,325-572-1682x853,47000.0,Finance,2024-02-08
125,zcross@example.net,Jeremy Dixon,84,(890)794-3442,42000.0,HR,2024-02-24
126,trujillosharon@example.net,Dawn Delgado,40,123,36000.0,Marketing,2023-08-17
127,frankclayton@example.net,Jennifer Clark,22,4855523981,,Marketing,2024-02-15
128,stephencarrillo@example.com,Patricia Ibarra,53,123,106000.0,Sales,2023-09-30
129,tammy@invalid,Terri Davies,59,001-271-350-3023x4995,61000.0,HR,2025-05-10
130,bakerwilliam@example.org,Autumn Allen,88,291.354.2825,56000.0,Marketing,2025-13-35
131,john30@example.com,Kimberly Burgess,87,001-664-864-6123x22634,61000.0,Finance,2025-03-11
132,thomas14@example.com,Nicole Bishop,73,449-265-6660,66000.0,HR,2025-07-05
133,pbryan@example.com,Mr. Michael Pruitt,22,346.332.9558x34194,117000.0,InvalidDept,2025-03-05
134,tabithasloan@example.com,Tiffany Jackson,49,001-986-472-8819x29631,136000.0,Sales,2025-04-15
135,lee51@example.org,April Ray,57,123,136000.0,Engineering,2023-08-17
136,shansen@example.com,Christina Bautista,81,748-270-8646x17605,116000.0,Finance,2024-03-02
137,yangdouglas@example.org,Marissa Perez,61,496.884.3964x1546,94000.0,Sales,2024-01-07
138,copelandnicholas@example.net,James Smith,41,(791)896-4238x45699,39000.0,Sales,2025-07-04
139,sean77@example.org,,50,421-863-7588x657,107000.0,Finance,2023-12-18
140,richard72@example.com,Jamie White,88,296-810-5172,63000.0,Finance,2023-10-30
141,christian01@example.net,Shawn Brown,32,+1-856-373-8517x719,117000.0,Sales,2025-02-23
142,brownkristina@example.com,Rebecca Greer,68,123,64000.0,Engineering,2023-12-31
143,yphillips@example.org,Martin Cisneros,25,826-878-6819,146000.0,Finance,2024-08-19
144,nmendoza@example.com,Shaun Castro,64,(786)435-6725,127000.0,Marketing,2024-03-05
145,raymond01@example.org,Angela Ward,67,+1-531-432-4719x95712,144000.0,Engineering,2023-11-07
146,padillaandrew@example.com,Adam White,54,+1-888-969-3276x45614,34000.0,Sales,2023-10-09
147,osnyder@example.net,Eric Wood,13,+1-767-837-8315x656,35000.0,Sales,2024-08-04
148,andrearowe@example.net,Christopher Nguyen,58,001-308-845-5421x197,,Sales,2025-05-03
149,sjames@example.com,Scott Wallace,42,001-461-479-2279x738,115000.0,HR,2024-05-02
150,sarachambers@example.org,Aaron Porter,61,+1-939-790-3607x198,36000.0,InvalidDept,2023-12-18
151,victoria@invalid,Dr. Alyssa Peck,49,001-505-246-0120,108000.0,Marketing,2025-02-27
152,michaelgreen@example.org,Hector Hill,36,+1-748-557-1688x0715,33000.0,Engineering,2023-12-15
153,tgonzalez@example.net,Peter Moore,21,(886)990-2182x0744,125000.0,Sales,2024-06-22
154,ishepherd@example.com,Karen Perez,192,917.973.6870,126000.0,Marketing,2024-05-21
155,robertramirez@example.com,Douglas Lawrence,25,123,136000.0,InvalidDept,2023-08-01
156,kparrish@example.org,Aaron Davis,85,001-269-316-3879x073,43000.0,Marketing,2024-05-01
157,qcollins@example.com,Kenneth Leach,36,(300)701-1010x7646,70000.0,Engineering,2025-03-23
158,lisa@invalid,Stephen Williams,111,654.829.6478x469,78000.0,Engineering,2023-10-21
159,jonathanwilliams@example.net,Mike Ward,23,001-394-219-5191x57025,72000.0,Marketing,2024-12-02
160,jamesowens@example.org,Adam Hernandez,54,001-803-829-3471x375,42000.0,Marketing,2024-12-26
161,coopermark@example.com,Robert Clark,89,(612)446-4567x7052,86000.0,Marketing,2024-01-10
162,martinezann@example.net,Dennis Thomas,32,864-483-3828x3552,104000.0,Sales,2023-10-28
163,marissa99@example.net,Michael Hernandez,31,001-586-480-3824x227,99000.0,Sales,2024-08-03
164,michelle@invalid,Matthew Miranda,67,(331)458-4434x4569,99000.0,Finance,2024-07-21
165,higginsbrittany@example.org,Aimee Bolton,43,952.947.2582x89173,75000.0,Engineering,2025-13-35
166,brosario@example.net,Virginia Acosta,38,+1-285-290-5196,101000.0,Engineering,2023-10-14
167,michellewebster@example.net,Brittany Lewis,77,123,148000.0,Finance,2023-11-27
168,michaelphillips@example.com,Ryan Berry,78,4784148868,114000.0,Sales,2025-06-28
169,kimberlygilbert@example.org,Mary Tapia,74,6853536991,95000.0,HR,2024-11-01
170,stephanie21@example.org,John Harper,47,001-399-286-0569x5721,43000.0,Finance,2024-10-01
171,rodriguezashley@example.com,Sheena Murray,64,562.815.9149x24034,33000.0,Engineering,2024-05-05
172,qcoleman@example.org,Jordan Walker,74,920-600-5181x2800,103000.0,HR,2025-05-11
173,wesleybishop@example.com,Katherine Dyer,48,4615493303,117000.0,Sales,2024-08-05
174,omar@invalid,Dustin Rogers,21,484.407.7636x21564,78000.0,HR,2024-09-10
175,jamesmorrow@example.org,Alfred Aguilar,69,939-503-4064,79000.0,Marketing,2024-04-16
176,hwinters@example.net,Jennifer Pope,20,4508355481,74000.0,Sales,2025-04-07
177,vray@example.com,Kristen Rangel,74,421.766.0105x447,43000.0,Marketing,2024-03-27
178,david@invalid,Jermaine Wilson,74,580.237.3366x46656,98000.0,Engineering,2023-07-30
179,david@invalid,Dale Heath,62,610.512.4980x788,58000.0,Engineering,2024-03-11
180,jacksonanthony@example.com,Brian Rodriguez,49,701-289-9886x94491,111000.0,Marketing,2024-08-01
181,frederickdonald@example.org,Dr. Antonio Oliver MD,27,684.753.1928x666,61000.0,Engineering,2023-10-17
182,joseph@invalid,Jennifer Robertson,52,+1-953-649-4684,65000.0,Engineering,2023-09-21
183,tnguyen@example.net,Joseph Wallace,49,+1-495-381-2623,,Marketing,2024-06-09
184,harrisbrian@example.org,Tammy Keller,80,711-779-7016,85000.0,Engineering,2025-02-24
185,claudia@invalid,Rebecca Garcia,24,258.479.8290,121000.0,Finance,2025-03-04
186,beverly79@example.org,Jasmine King,56,(738)427-3208x24848,96000.0,Engineering,2023-10-02
187,avaldez@example.org,Alvin Copeland,43,001-761-662-3855x4486,60000.0,HR,2024-02-11
188,myersbeth@example.net,Anthony Pearson,86,001-740-544-5586x97701,57000.0,Sales,2023-12-03
189,barrymaria@example.net,Jennifer Snyder,30,+1-268-946-4777x3111,99000.0,HR,2023-12-26
190,william53@example.net,Jennifer Hoffman,21,123,139000.0,Marketing,2023-11-29
191,aaronmitchell@example.org,Nicolas Hunt,43,001-574-342-4404,43000.0,Engineering,2024-12-17
192,bernard10@example.org,Casey Williams,32,602.265.7204,62000.0,InvalidDept,2025-06-09
193,fritzalan@example.com,James Moore,77,(780)805-2522x5809,70000.0,Sales,2024-08-04
194,warddavid@example.net,Cheryl Brooks,64,(646)776-8461x2790,131000.0,HR,2025-04-15
195,brianmoran@example.com,Erica Valenzuela,63,+1-780-384-4720x00783,133000.0,Finance,2023-07-14
196,james@invalid,Connie Mcdaniel,74,432.281.5264x3268,96000.0,Finance,2025-01-16
197,lopezomar@example.net,Matthew Fox,22,5496662159,47000.0,Engineering,2024-05-29
198,meghan69@example.net,Jennifer Brown,66,(270)392-6552,59000.0,Engineering,2025-03-02
199,dustinsmith@example.net,Austin Williams,48,885-556-6365,60000.0,Marketing,2023-09-15
200,tracy96@example.org,Justin Smith,23,405.937.0136x62737,127000.0,HR,2024-04-01
201,selenaadams@example.org,Natalie Austin,85,001-221-319-0296x48017,72000.0,Sales,2024-01-24
202,ashley53@example.com,Julie Evans,87,921-533-1098x9967,48000.0,HR,2023-07-14
203,william67@example.org,Jacob Phillips,58,9078420865,76000.0,Engineering,2025-01-17
204,ashley42@example.net,Gregory Fleming,74,(649)784-1151x3823,124000.0,Sales,2025-05-10
205,wilcoxcourtney@example.com,Megan Miller,29,(813)997-2926x91870,71000.0,HR,2024-09-13
206,jacobdouglas@example.com,Julie Clark,77,+1-336-467-3457x5352,73000.0,HR,2024-06-09
207,jpruitt@example.org,Brett Cooper,48,123,85000.0,Marketing,2023-08-09
208,slewis@example.net,David Mora,82,473.505.1867x9022,100000.0,Sales,2025-02-11
209,jay19@example.org,Bruce Hunter,87,681-923-9731x890,31000.0,Sales,2024-05-31
210,david81@example.net,Steven Romero,56,708.749.0819x693,65000.0,Finance,2025-03-29
211,gilbertmegan@example.com,Jordan Ramos,35,3184986745,119000.0,Sales,2024-12-19
212,oproctor@example.net,Mr. Michael Norman,79,+1-637-866-6839x060,34000.0,HR,2024-11-14
213,tyler68@example.org,Dale Harris,48,(677)427-8467,75000.0,Engineering,2024-04-05
214,thompsonlauren@example.org,John Taylor,90,980-833-5679x2423,86000.0,Finance,2025-06-13
215,wallbrandon@example.net,Miguel Perez,86,123,149000.0,Engineering,2024-09-19
216,daniel41@example.org,Tyler Lee,77,968.217.7890x954,62000.0,InvalidDept,2024-11-29
217,joneskrista@example.com,Allison Miles,77,+1-235-837-4649x04647,83000.0,Marketing,2024-12-01
218,michelle87@example.com,Jason Jones,29,+1-896-840-1063x16560,65000.0,Finance,2024-02-28
219,dunncarla@example.org,Krystal Harrison,57,123,116000.0,Engineering,2023-08-10
220,eclay@example.com,Jennifer Miller,43,239-885-6563,64000.0,Engineering,2025-01-05
221,bethany@invalid,Kendra Petersen,36,7018315229,37000.0,Marketing,2024-09-22
222,jeffreycastro@example.net,Phyllis Patterson,75,(957)733-7693x66773,124000.0,Sales,2024-04-05
223,cayala@example.com,Caitlyn Fuentes,86,001-880-600-7159,74000.0,Engineering,2023-10-03
224,moralesadrian@example.org,Adam Joyce,22,+1-275-315-8155x821,98000.0,Marketing,2024-08-18
225,dana@invalid,Sherry Brewer,22,9685832451,122000.0,Finance,2024-07-13
226,whitekari@example.org,Heather Griffin,40,001-882-415-8772x109,129000.0,Engineering,2024-12-02
227,zsingleton@example.net,Denise Jacobs,40,600.509.2826,115000.0,Engineering,2025-02-04
228,stacey90@example.com,Debra Graham,84,+1-282-382-0133,34000.0,Sales,2023-08-19
229,riveradaniel@example.net,Ernest Carter,51,+1-674-886-2914x368,58000.0,Sales,2024-08-14
230,ghanson@example.org,Erika Freeman DDS,69,123,47000.0,Marketing,2024-09-24
231,georgetaylor@example.org,Jonathan Graham,24,(781)634-5867,149000.0,Finance,2025-03-09
232,nthomas@example.net,Kimberly Myers,29,725.293.0570x62761,147000.0,Sales,2024-03-13
233,christine73@example.org,Amanda Flowers,87,556-340-8212,35000.0,HR,2024-09-18
234,susan89@example.net,Alisha Miller,22,(637)407-5386,36000.0,Finance,2024-09-18
235,julia48@example.org,Rachel Lee,73,614-590-1082x296,32000.0,InvalidDept,2024-05-16
236,ewilliams@example.com,Mr. Leonard Morales,50,608.774.1189x3454,115000.0,Finance,2023-07-24
237,evansjasmine@example.net,John Johnson,82,+1-697-628-3281x06682,61000.0,Marketing,2024-01-21
238,daniel91@example.net,Mackenzie Marquez,48,123,77000.0,Marketing,2024-05-30
239,ashlee48@example.org,Barbara Patterson,21,001-763-627-0475x036,60000.0,Engineering,2024-02-20
240,lschultz@example.com,Sandra Velazquez,48,664-350-0436x8521,37000.0,Sales,2025-06-12
241,teresajames@example.net,Stephanie Montes,33,(492)650-7408x743,134000.0,HR,2025-02-23
242,cruzfelicia@example.com,,22,123,90000.0,Engineering,2024-10-01
243,cruzfelicia@example.com,Andrea Harding,37,+1-918-891-0637x65676,78000.0,HR,2023-12-02
244,qbaker@example.org,Stephanie Cox,78,001-754-543-4563,90000.0,Engineering,2024-06-13
245,jake@invalid,,64,230-330-8468,140000.0,Marketing,2024-08-25
246,courtneybarnes@example.org,Kristopher Silva,30,379.729.2733x5912,136000.0,Finance,2023-08-28
247,gabrielathompson@example.net,Scott Parker,53,001-390-828-2152x197,69000.0,Sales,2024-11-21
248,stevendelgado@example.net,Rebecca Larson,33,614-386-3679x5518,84000.0,Engineering,2024-05-31
249,jennifer56@example.com,Jennifer Hill,22,(391)250-5462x2200,87000.0,Marketing,2024-12-22
250,chorn@example.net,Zachary Gardner,38,883-572-0969x0055,85000.0,Finance,2024-08-26
251,jerrycampbell@example.com,Paula Lopez,68,(389)927-3093,66000.0,InvalidDept,2024-06-22
252,austinglover@example.net,Mark Delgado,88,224.633.0462x457,91000.0,HR,2024-12-17
253,ashley39@example.com,Sheila Ward,48,001-674-701-6608,67000.0,HR,2024-02-03
254,james00@example.net,Valerie Perry,69,803-986-5726,72000.0,Sales,2025-04-19
255,charles45@example.org,Kathryn Perry,59,001-510-809-7901x376,100000.0,Marketing,2023-08-14
256,amylee@example.net,Dawn Curtis,18,(831)579-3488,68000.0,Marketing,2024-04-26
257,deleonsherry@example.org,,23,854-537-7177,41000.0,InvalidDept,2023-07-30
258,cbarr@example.net,Dustin Johnson,64,(608)513-6472x63116,45000.0,Marketing,2023-08-17
259,jerry@invalid,Adrian Moody,66,680.806.8369x873,79000.0,Sales,2025-04-11
260,marywalker@example.net,Trevor Ramirez,90,001-730-340-7994x626,95000.0,Finance,2025-03-26
261,ilambert@example.net,Maria Pierce,81,843-417-5681,106000.0,Engineering,2024-08-22
262,vanderson@example.org,Andrew Shepherd,68,(626)378-6811,44000.0,Marketing,2024-02-17
263,matthewburch@example.org,Yvonne Murray,49,3083775114,99000.0,Finance,2024-05-03
264,jrodriguez@example.net,April Padilla,76,898.887.6666,33000.0,Finance,2024-05-15
265,qmorse@example.net,Dylan Owens,70,+1-205-439-2503,147000.0,Sales,2023-10-21
266,alicia53@example.org,Amber Robinson,88,001-433-792-1051x7197,91000.0,Marketing,2024-02-24
267,thomasbenjamin@example.com,Dr. Angela Serrano PhD,62,123,,Marketing,2024-07-10
268,roberthogan@example.com,Renee Ryan,21,+1-804-627-1039x584,133000.0,Marketing,2023-10-08
269,mooneyjonathan@example.net,Melissa Fernandez,60,001-609-872-5632x349,148000.0,HR,2024-06-10
270,aaron@invalid,Laura Carlson,135,(701)219-4306x74071,52000.0,Engineering,2023-11-18
271,conniewilson@example.net,Courtney Sweeney,66,123,75000.0,Finance,2023-12-11
272,ksmith@example.org,Heather Hunt,57,676-621-2140x53509,,Finance,2024-08-06
273,wolfkenneth@example.org,Chris Larsen,33,825.970.7849,113000.0,HR,2024-08-08
274,pattersontiffany@example.com,Ronald Stephens,30,7653927964,103000.0,HR,2023-09-24
275,hlawrence@example.net,Jessica Blair,63,001-562-901-8427x73607,107000.0,Sales,2025-04-30
276,brianespinoza@example.com,Gregory Pearson,18,001-256-998-3192x8334,144000.0,Marketing,2024-07-04
277,brittany60@example.com,Yvonne Davis,88,969-537-8425,67000.0,Sales,2023-09-10
278,ericajohnson@example.org,Kristen Ellis,45,242.706.4386,135000.0,Sales,2023-07-10
279,tsmith@example.net,Jonathan Kennedy,49,001-387-580-1113x3320,60000.0,HR,2023-08-14
280,ernest86@example.com,Rebecca Williams,28,+1-205-935-1889x53439,50000.0,Sales,2023-12-03
281,scottmueller@example.org,James Murray Jr.,67,+1-353-973-7671x444,62000.0,HR,2024-09-05
282,shannonavila@example.net,Brandi Mathews,85,(491)768-5115x012,38000.0,Marketing,2024-04-25
283,derrick46@example.org,Sarah Sanchez,24,8024578399,93000.0,Engineering,2024-10-23
284,amanda57@example.org,Susan Stevens,76,6745464350,121000.0,Sales,2024-04-26
285,sethsingh@example.com,Christina Bennett DVM,71,(572)419-5641,73000.0,HR,2024-07-11
286,margaret@invalid,Brittany Arellano,24,(414)868-2489,84000.0,Finance,2024-11-11
287,yburke@example.com,Brian Coleman,78,001-690-403-7378x1061,44000.0,Sales,2024-04-15
288,kimberly@invalid,Craig Carlson,60,(494)636-7348,104000.0,Sales,2023-08-17
289,robert88@example.org,Clinton Reyes,25,657-970-8832,78000.0,InvalidDept,2024-01-04
290,sbrock@example.com,Roberto Mayer,53,9044900102,118000.0,HR,2025-04-21
291,patrickcharles@example.com,Timothy Sexton,53,(979)418-5181x007,61000.0,Marketing,2024-12-01
292,kevin82@example.net,Michele Silva,18,229-322-8033x326,120000.0,Marketing,2023-08-31
293,rmadden@example.com,Janet Lopez,66,001-544-809-4978x805,81000.0,Sales,2025-04-25
294,kevin56@example.net,Robert Williams,45,650.251.2040x68748,69000.0,Sales,2023-09-23
295,uflynn@example.org,Jason Branch,20,566.306.3033x6677,36000.0,HR,2025-13-35
296,jonathanrobinson@example.com,Christopher Benjamin,60,(993)807-7269,51000.0,Sales,2024-08-28
297,nicholas48@example.net,Scott Berg,37,123,64000.0,HR,2024-10-13
298,taylor21@example.com,Martin Fernandez,72,236.258.2402,37000.0,Marketing,2024-03-18
299,austinsmith@example.net,Anthony Barber,58,123,83000.0,Finance,2025-01-02
300,zachary02@example.net,Maria Myers,18,544.845.1290x266,92000.0,Marketing,2023-09-06
301,jacob57@example.net,Scott Stevenson,60,918-647-1553,137000.0,Engineering,2024-05-11
302,kristin03@example.net,Anthony Brooks,50,204.707.9578x337,,Sales,2024-07-22
303,vmann@example.com,Linda Price,53,+1-389-520-4259x17126,128000.0,Sales,2024-03-28
304,jenniferjones@example.org,Diane Cooper,84,587-412-9656,66000.0,Marketing,2023-12-21
305,willie00@example.net,Justin Smith,45,(988)706-5953,86000.0,Engineering,2024-03-30
306,tyler21@example.org,Tabitha Terrell,55,+1-438-707-9914x1234,141000.0,Sales,2025-06-18
307,anne82@example.net,Joshua Nelson,89,(612)825-5565,114000.0,Sales,2024-12-06
308,markcunningham@example.net,Richard Massey,79,746.390.5225x4601,81000.0,Engineering,2025-02-16
309,tevans@example.org,Ann Donaldson,85,646-756-3449x172,146000.0,Marketing,2024-11-04
310,louiscompton@example.org,Scott Reyes,58,(565)289-1248,70000.0,Engineering,2023-08-07
311,jonespeggy@example.net,Christina Nash,56,001-524-459-6831x31584,60000.0,HR,2024-09-13
312,sawyerjason@example.net,Lisa Sanders,66,(262)989-5988x950,,Finance,2024-07-10
313,chadcontreras@example.com,Brian Newton,58,692.246.3028x7370,125000.0,Marketing,2023-07-30
314,colleen@invalid,Jessica Garcia,36,001-878-701-8381x5508,144000.0,Sales,2023-12-06
315,scott92@example.org,Hannah Wilson,75,001-922-931-5033,131000.0,Finance,2025-04-25
316,zroman@example.org,Lauren Lee,52,001-472-588-9897x075,56000.0,Finance,2023-09-01
317,ianrasmussen@example.org,David Mercer,77,+1-369-967-0544,41000.0,Engineering,2023-08-31
318,carlos@invalid,,38,4658575539,104000.0,Finance,2023-08-31
319,robert03@example.com,David Casey,19,+1-712-958-8962x1075,39000.0,HR,2024-07-07
320,luke75@example.net,Christine Costa,44,686.680.8491x880,53000.0,Sales,2024-04-06
321,millerjoe@example.net,Michaela Khan,76,6725605356,145000.0,InvalidDept,2024-09-18
322,meredithhurst@example.net,Andrea Miller,27,917.831.4745x663,95000.0,HR,2023-07-14
323,bryan77@example.org,Scott Carpenter,35,729-674-7119x5579,101000.0,Engineering,2025-05-13
324,kelly14@example.org,Julia Watson,45,754-209-2343x408,43000.0,Engineering,2025-02-20
325,nicholas73@example.com,Ryan Everett,78,123,112000.0,Sales,2023-10-17
326,morgan35@example.net,Jeffrey Morris,25,4359097272,74000.0,Marketing,2025-13-35
327,erin89@example.org,Tiffany Wilson,49,587.668.5069,71000.0,Engineering,2023-09-09
328,ariana@invalid,Dr. Charles Sanders,40,475-861-7257,108000.0,Sales,2023-08-25
329,matthewsandrew@example.org,Tanner Morales,20,123,127000.0,Engineering,2024-05-09
330,ramirezmichael@example.net,John Pitts,76,001-523-910-3418x4415,66000.0,Finance,2024-10-28
331,zacharymiranda@example.net,Ryan Williams,30,708.907.6277,110000.0,HR,2025-02-16
332,foxelizabeth@example.com,James Lewis,38,7216982510,65000.0,Sales,2025-04-01
333,qschultz@example.net,Jason Oneal,75,873.544.0399,106000.0,HR,2024-07-27
334,daniellemartin@example.org,Megan Dawson,25,+1-719-660-5800,109000.0,Finance,2024-09-25
335,faith44@example.org,Amber Thomas,21,221-474-1298,51000.0,Marketing,2024-08-18
336,todd13@example.org,James Griffin,53,257-626-7936x470,78000.0,HR,2024-01-07
337,steven34@example.org,Dawn Conway,72,+1-388-285-7062x6928,96000.0,HR,2024-01-22
338,douglasamy@example.org,Christopher Russell,90,589.868.6105x601,31000.0,Finance,2024-06-07
339,melissapatterson@example.org,Christopher Thomas,48,393-293-2037x0253,80000.0,HR,2023-12-18
340,psmall@example.com,Christine Martin,77,001-240-250-8159,65000.0,Engineering,2024-09-06
341,stephenmiller@example.net,Kimberly Mitchell,80,641.222.2486x389,96000.0,Sales,2023-09-05
342,allison72@example.org,Brittany Williams,33,(348)639-8062x4856,150000.0,HR,2024-10-02
343,vicki24@example.org,Henry Owens,74,9169522785,58000.0,Marketing,2023-10-09
344,rogerslisa@example.org,Jose Greene,44,777.369.7843x9215,84000.0,HR,2024-11-27
345,charlestina@example.org,Dr. Gary Rogers,81,755-604-7785,137000.0,Marketing,2024-06-25
346,amy@invalid,Victoria Willis,55,795-332-3557x060,35000.0,HR,2024-01-05
347,ytucker@example.net,Jasmin Bell MD,61,(544)756-2204x757,77000.0,HR,2024-09-30
348,jeffrey60@example.org,Amanda Graham,20,208.267.0430x1430,88000.0,Marketing,2023-07-29
349,scott@invalid,Monica Miller,120,(928)453-7875x8178,93000.0,Marketing,2023-12-14
350,kevinking@example.org,Michael Escobar,25,123,103000.0,Sales,2024-03-10
351,philip67@example.com,,63,806.589.8302,130000.0,Finance,2024-08-28
352,macdonaldheidi@example.net,Richard Harris,38,8062984079,96000.0,Engineering,2023-09-28
353,karenharris@example.net,Eddie Deleon,85,123,79000.0,Sales,2024-12-28
354,jeanette02@example.org,Pamela Coleman,68,(574)343-8667,131000.0,Marketing,2024-08-22
355,andersonbrooke@example.com,Brandon Richards,32,001-641-815-2436x3227,87000.0,Marketing,2025-06-24
356,ryanamanda@example.net,David Lloyd,56,836-691-0766x253,31000.0,HR,2025-03-10
357,jeffreywilliams@example.org,Mr. Lawrence Bowers,75,373-247-0045,61000.0,Marketing,2023-11-20
358,matthewking@example.org,Melody Obrien,25,001-416-768-9971,40000.0,Marketing,2024-12-01
359,rachelbennett@example.org,James Green,58,971-680-8749,91000.0,Engineering,2024-12-11
360,anthonywilson@example.net,Michael Turner,41,779.701.3065,64000.0,Marketing,2024-08-09
361,edwinhayden@example.net,Tracy Black,86,968.673.6414,133000.0,Sales,2023-09-10
362,reidwilliam@example.net,Cynthia Rodgers,25,881-939-9145,65000.0,Marketing,2024-08-03
363,elizabeth@invalid,Dustin Nolan,42,988.769.1202x725,38000.0,Finance,2025-06-06
364,dunncharlotte@example.net,Robert Cameron,48,001-226-805-5533,78000.0,HR,2025-02-03
365,delacruzrebecca@example.com,David Duran,49,734.557.5941x762,58000.0,Sales,2024-06-20
366,natasha08@example.org,Jason Gallagher,48,(316)990-4699x073,60000.0,Sales,2023-09-08
367,ldavis@example.org,Ralph Matthews DVM,42,8925964261,82000.0,HR,2023-08-29
368,iberry@example.org,Matthew Williams,35,001-533-266-9541x7313,104000.0,Marketing,2024-01-07
369,ybutler@example.com,Dominic Winters,52,251.897.2965x94965,123000.0,HR,2024-03-28
370,freemanchristopher@example.com,Marc Smith,53,458-678-0931,68000.0,Sales,2024-05-20
371,jjoseph@example.net,Joseph Evans,79,688.589.8182,129000.0,Sales,2023-07-11
372,meghan22@example.com,Arthur Figueroa,23,+1-339-813-8766x1138,49000.0,Finance,2023-07-09
373,mhawkins@example.org,Derek Ferguson,32,+1-409-541-9044,42000.0,Marketing,2025-01-11
374,victoria11@example.org,Gregory Maldonado,87,(855)842-6573x7049,56000.0,Engineering,2024-04-10
375,charlesmackenzie@example.net,Nicholas Leonard,31,8288873539,98000.0,Sales,2023-08-29
376,ftaylor@example.net,Amanda Webster,42,+1-776-222-8179,42000.0,Engineering,2023-12-29
377,tracey59@example.org,Emily Diaz,51,905.923.4124x3884,34000.0,Engineering,2025-02-03
378,john86@example.org,Ashlee Lopez,95,001-585-394-8426,94000.0,Sales,2024-06-26
379,elijahgray@example.net,Matthew Oliver,19,(906)788-6181,32000.0,Engineering,2023-12-10
380,wowen@example.net,Jaclyn Rogers,57,866.307.2151,143000.0,InvalidDept,2024-07-19
381,sullivanwalter@example.net,Carla Dalton,20,123,119000.0,Marketing,2023-08-21
382,kevin@invalid,Darren Medina,60,001-776-788-6777x6878,93000.0,Marketing,2024-12-17
383,emily@invalid,Molly Baker,55,(879)331-4889,60000.0,Finance,2023-09-17
384,catherine61@example.net,Nicholas Williams,33,553-260-0206x471,41000.0,Marketing,2024-09-26
385,michaelamoody@example.org,Deanna Young,31,001-608-894-4573x1892,110000.0,Finance,2025-06-10
386,markrussell@example.org,Shannon Vasquez,77,216-443-3218x74940,116000.0,Sales,2023-12-10
387,wilsonjohn@example.net,Holly Cunningham,33,460.941.1276x86573,92000.0,InvalidDept,2025-13-35
388,thomas20@example.com,Thomas Barnett,18,001-573-872-3215x0778,113000.0,HR,2024-09-25
389,srodriguez@example.com,Teresa Macdonald,63,6009462581,96000.0,HR,2023-07-31
390,vwilson@example.com,Jamie Thornton,81,675-791-5677,134000.0,Finance,2025-05-04
391,roy23@example.net,James Arnold,41,001-489-219-9344x1923,49000.0,Engineering,2023-09-15
392,pmcdonald@example.com,Dawn Garza,84,217-764-0620x70648,46000.0,Finance,2025-03-30
393,yeseniagonzalez@example.com,Erica Sullivan,88,+1-733-809-8267x2426,69000.0,Finance,2025-05-05
394,karachang@example.net,,77,668.942.3417x03172,113000.0,Marketing,2025-07-02
395,andrew47@example.org,Stephen Arnold,38,390-812-3941,92000.0,Engineering,2023-10-22
396,pgonzalez@example.com,Laura Thompson,45,(866)753-4783,47000.0,HR,2024-08-28
397,jamie@invalid,Samantha Mcintosh,67,4166817756,128000.0,Marketing,2025-01-25
398,katelyn31@example.com,Linda Thomas,18,+1-812-497-4146,93000.0,Marketing,2025-07-01
399,bobbyspears@example.net,Melissa Curry,39,5235964684,45000.0,Sales,2023-08-23
400,ericlong@example.com,Barry Welch,52,684.243.1984,63000.0,Sales,2024-06-25
401,yjohnson@example.net,Melissa Walton,83,936-532-4805x209,33000.0,Finance,2025-02-08
402,paul14@example.net,John Buckley PhD,73,585.744.0839,93000.0,Finance,2025-03-11
403,nicholsongrace@example.net,Marissa Little,26,(801)878-5206x221,74000.0,Marketing,2023-10-01
404,alexanderjeffrey@example.net,,61,7182741897,111000.0,Marketing,2023-12-16
405,michael57@example.com,Adam Blanchard,46,(651)225-5441,99000.0,Marketing,2024-03-22
406,patricia27@example.net,Justin Williams,62,(358)234-1762x5183,78000.0,Finance,2024-03-14
407,april94@example.net,Samantha Klein,86,123,64000.0,HR,2025-03-06
408,ashleysanders@example.org,Taylor Delgado,65,970-688-3919,128000.0,Marketing,2025-04-07
409,andersonteresa@example.org,Tanya Johnson,68,(239)518-3009x726,39000.0,Engineering,2025-01-03
410,pjohnson@example.com,Natasha Lee,84,574.368.1816x2572,86000.0,HR,2024-07-17
411,kayala@example.com,Matthew Ross,79,+1-693-771-8896x41384,103000.0,Sales,2024-12-21
412,royhoover@example.org,Christine Rodriguez,42,(395)807-6611x907,79000.0,Engineering,2024-07-19
413,richarddunn@example.com,Jon Proctor,83,123,44000.0,Finance,2025-02-02
414,emilywilliams@example.com,Edward White,53,515-966-1787x0255,134000.0,Engineering,2023-07-16
415,robinchavez@example.net,,16,(302)790-8930x70988,108000.0,Engineering,2025-06-27
416,timothyrocha@example.net,Teresa Rivera,69,(764)473-7746x235,51000.0,Marketing,2025-06-05
417,ismith@example.net,Julie Morrow,41,736.599.9946,131000.0,Finance,2024-06-11
418,kevans@example.com,Nicole Key,19,001-806-391-7388,123000.0,Engineering,2024-12-28
419,tmartinez@example.com,Jeremy Gray,73,+1-431-959-6010x252,41000.0,Finance,2024-07-31
420,qdavis@example.net,Richard Rowe,26,615-866-0269x64913,136000.0,Sales,2024-04-01
421,brownmicheal@example.com,Stephen Willis,83,550-999-1784x8335,115000.0,Sales,2025-02-28
422,cynthiasingleton@example.net,Jill Vargas,69,585-410-9785x736,44000.0,Finance,2023-12-21
423,ortegasteven@example.org,Gary Carter,29,589-943-5753x619,114000.0,HR,2025-04-07
424,xrobbins@example.net,Kelly Carlson,82,(815)460-4677,86000.0,Finance,2023-07-22
425,rcollins@example.org,Blake Brandt,75,301-867-0252,64000.0,HR,2023-10-18
426,martha@invalid,Gregory Gray,77,(492)734-1236,145000.0,InvalidDept,2023-10-22
427,jesse41@example.org,Stacie Prince,25,613.707.8558x99138,109000.0,Marketing,2024-08-28
428,george86@example.net,Jason Phillips,84,(860)734-9114x9532,145000.0,HR,2023-07-09
429,davidvilla@example.com,Troy Bartlett,63,(767)338-1245,53000.0,Finance,2024-05-06
430,lindadavis@example.com,Katherine Williams,41,001-844-890-1775x7132,110000.0,Marketing,2024-05-06
431,fward@example.org,Jessica Ferguson,59,4332906831,139000.0,Marketing,2024-05-12
432,hannah07@example.net,Melanie Christian,71,(770)254-8219x61930,50000.0,Finance,2025-01-16
433,justinporter@example.net,Michael Jones,90,001-748-454-0196x041,91000.0,Marketing,2024-07-21
434,jthomas@example.com,Anthony George,84,+1-570-504-3693,104000.0,Marketing,2023-12-03
435,xdouglas@example.net,Andrew Walker,73,(812)778-5185,123000.0,HR,2024-07-28
436,david13@example.com,Madison Green,21,887-250-1002x75150,118000.0,Engineering,2023-07-17
437,johnsonheather@example.net,,84,(409)793-8780x2995,105000.0,HR,2024-04-26
438,jimenezstephen@example.org,Jason Thomas,76,8937668384,54000.0,Engineering,2024-12-15
439,marydougherty@example.com,Nicholas Jimenez,33,123,99000.0,Finance,2025-01-27
440,elizabeth67@example.com,Matthew Mcknight,24,(274)302-8521x32671,54000.0,Marketing,2024-02-27
441,tammybass@example.com,Amy Brown,87,5997356659,125000.0,Marketing,2024-07-11
442,higginsmonica@example.com,Renee Bishop,64,460.874.6207x5279,93000.0,HR,2024-03-06
443,anna56@example.com,Erica Mcneil,47,(261)432-9950,98000.0,Marketing,2023-10-16
444,garzakerri@example.net,Heather Cooper,65,(565)972-4797,48000.0,Sales,2023-10-29
445,diana41@example.com,Renee Fowler,65,406.361.6697x12111,144000.0,Sales,2023-09-08
446,shawnwright@example.net,Luis Love,50,(578)278-2520x43027,101000.0,Sales,2024-11-16
447,staceybarron@example.org,Connie Alvarez,52,939-812-8755x165,138000.0,Marketing,2024-08-26
448,jessefisher@example.com,Edward Vargas,11,308-425-7634x03246,114000.0,Finance,2025-04-03
449,holdenmark@example.net,,47,+1-809-684-1209x42019,143000.0,Finance,2024-11-14
450,deborah68@example.net,Dr. Jennifer Cooper,55,544-308-9903x20781,71000.0,HR,2023-11-18
451,oliverkevin@example.net,Angela George,54,001-887-994-7461x3813,144000.0,Sales,2024-01-31
452,andrea@invalid,Miranda Guerrero DVM,24,001-478-369-5391x852,122000.0,Sales,2023-10-09
453,danielpowell@example.org,Phillip Thompson,49,(787)586-3909x77291,60000.0,HR,2023-07-12
454,timothycrosby@example.com,,35,938-509-1087x700,137000.0,Finance,2024-02-17
455,jennifer22@example.org,Nancy Turner,72,683-734-4548x24598,72000.0,Finance,2023-08-14
456,katherine@invalid,Alex Baker MD,37,961-584-0586,136000.0,Marketing,2024-12-05
457,madison21@example.net,Tara Sanchez,27,7097754703,38000.0,Finance,2025-06-19
458,isaac61@example.org,Leonard Dickerson,53,225.780.8853x1687,80000.0,Finance,2024-06-20
459,paulpowell@example.org,Philip Sanford,20,246-629-6870x6459,61000.0,Engineering,2025-01-06
460,jasonbailey@example.com,Kenneth Thompson,74,001-878-462-7409,138000.0,Sales,2023-11-14
461,fhaas@example.com,John Nelson,41,971.307.0599x928,102000.0,HR,2024-07-11
462,blambert@example.org,Rachel Williams,84,123,51000.0,Engineering,2024-04-04
463,michael@invalid,Victoria Odonnell MD,71,423-659-7022x5918,49000.0,Marketing,2025-04-26
464,isims@example.com,Daniel Burch,29,+1-763-229-2607x414,68000.0,Engineering,2025-04-16
465,craig95@example.org,Charles Hanson,25,235-993-8301x718,144000.0,Sales,2025-04-08
466,slewis@example.com,Amy Moreno,71,001-430-644-8339,74000.0,HR,2025-02-23
467,abarry@example.com,Savannah Campos,79,934-607-7918,144000.0,Marketing,2024-09-01
468,vmarshall@example.org,Juan Brooks,76,934.314.7302,87000.0,Finance,2023-12-21
469,ldiaz@example.org,Dana Davis,37,+1-656-950-3136,,Sales,2024-12-16
470,rollinsjoseph@example.org,Marcus Diaz,23,399-607-8895x63552,41000.0,Finance,2023-10-14
471,thomas@invalid,Richard Powers,33,001-884-272-1953x2173,56000.0,Finance,2023-10-19
472,williamsalejandro@example.net,Brittany Collins,84,886.597.7480,125000.0,InvalidDept,2024-12-21
473,christopher70@example.org,Kevin Lawson,81,(627)510-2811x3209,63000.0,Finance,2024-01-04
474,ryan34@example.net,Jermaine Peterson,79,399-385-1859,63000.0,Sales,2025-03-28
475,ryan34@example.net,Deanna Byrd,32,+1-797-486-2406x640,110000.0,HR,2024-09-08
476,gerald@invalid,Emily Hamilton,39,123,121000.0,Marketing,2025-05-03
477,sarah86@example.net,Keith White,72,(862)822-5181x3520,38000.0,InvalidDept,2024-07-20
478,william64@example.net,,29,989.324.3385x0253,91000.0,Finance,2023-11-29
479,darrellmccoy@example.net,Jacob Shaw,40,+1-557-253-7143x41101,110000.0,InvalidDept,2023-10-11
480,bruce87@example.net,Tony Myers,57,+1-307-523-3708,69000.0,Finance,2025-05-19
481,brandon@invalid,Jillian Leonard,54,(536)911-2418,96000.0,Engineering,2024-03-08
482,gnichols@example.net,,82,538.255.1698x61942,68000.0,Sales,2024-04-10
483,laurasoto@example.org,Anthony Best,89,(584)406-3390x9066,65000.0,Marketing,2023-10-08
484,karen75@example.org,Nancy Baker,35,906.304.2657x0523,66000.0,HR,2025-03-19
485,dconner@example.com,Christian Frazier,69,001-243-897-2075x642,96000.0,HR,2024-10-30
486,mark54@example.org,Martha Roth,55,001-751-526-5166x974,135000.0,Marketing,2024-01-03
487,daniel08@example.org,Janice Harris,26,220-200-8848x24913,44000.0,Engineering,2023-10-30
488,gwatson@example.org,Christopher Ritter,47,+1-377-424-6083x07077,57000.0,Marketing,2024-03-17
489,jordan94@example.net,Nicholas Fowler,83,001-246-541-4988x3218,72000.0,Finance,2024-07-02
490,shaunfrazier@example.org,Christopher Mccoy,30,123,128000.0,Engineering,2024-12-31
491,jonesleslie@example.org,Stephanie Lucas,40,849-247-1775,118000.0,Sales,2024-02-07
492,brooksjoshua@example.com,Nicholas Martinez,42,(724)460-1940,87000.0,Sales,2024-02-13
493,timothy@invalid,Douglas Jackson,65,(723)300-2580x82652,140000.0,Sales,2025-05-23
494,mtapia@example.net,Brandon Bennett,79,+1-987-607-2721x0011,40000.0,Marketing,2024-02-20
495,tfleming@example.com,Jeremy Robinson,74,+1-539-875-3872,60000.0,Finance,2023-10-06
496,egaines@example.net,Valerie Harris,41,+1-556-771-5476,54000.0,Marketing,2024-03-13
497,gregorymarquez@example.com,Ryan Stephens,50,377.918.6008x216,120000.0,Finance,2023-09-21
498,daviscatherine@example.net,Alan Perez,41,001-459-307-7813x97958,144000.0,Finance,2024-06-05
499,juliemorales@example.org,Christina Dickerson,63,+1-925-950-6994x90195,106000.0,Engineering,2024-03-16
500,deborah57@example.org,Kimberly Graham,60,+1-613-338-8705x43734,46000.0,Marketing,2024-09-10
501,susan40@example.net,Dale Smith,80,(770)985-8795,148000.0,HR,2024-03-19
502,oliverangela@example.net,Tom Nelson,35,392-570-0634,118000.0,Sales,2024-01-14
503,vneal@example.org,Michael Callahan,43,+1-617-432-0263x187,145000.0,HR,2023-11-22
504,varmstrong@example.com,Douglas Campos,31,123,106000.0,Sales,2024-02-26
505,ellisongrace@example.com,Brandy Ramos,70,904-378-9683x05509,65000.0,Engineering,2025-01-09
506,katie90@example.org,Dustin Ward,85,(210)932-2787x17619,57000.0,Engineering,2024-01-07
507,john77@example.com,Jeremy Gonzalez,79,001-732-816-7524,113000.0,Marketing,2023-12-13
508,hopkinsjasmine@example.net,Kristen Mckenzie,70,(490)237-8978,116000.0,Engineering,2023-09-18
509,wongkimberly@example.com,Leslie Thornton,68,628-685-3460,129000.0,Sales,2025-02-04
510,mccoyjoanna@example.org,William Vega,50,920.858.9569x103,129000.0,HR,2025-06-17
511,gregory84@example.org,Christopher Patton,47,459-760-6741x45218,105000.0,InvalidDept,2024-06-04
512,acook@example.com,Melinda Bailey,34,123,83000.0,Engineering,2025-04-03
513,lisacameron@example.org,Victoria Anderson,73,+1-852-836-9091,54000.0,Finance,2025-02-17
514,hickstamara@example.net,Victoria Dean,32,223.250.3500x94303,132000.0,Sales,2024-02-13
515,acombs@example.org,Allison Cross,62,8774592939,109000.0,Sales,2025-02-15
516,jessica@invalid,Toni Valdez,38,446.652.5562,98000.0,Marketing,2024-11-21
517,kimberly@invalid,Kaitlyn Jacobs,20,880-634-5851x4611,112000.0,Marketing,2024-10-16
518,tammy56@example.net,Sherry Howard,84,+1-514-678-4484x78307,83000.0,HR,2025-05-22
519,rswanson@example.org,George Duncan,25,+1-838-905-1628,32000.0,HR,2025-01-17
520,ablair@example.org,Jessica Cooper,38,931-358-9597x906,96000.0,HR,2024-11-28
521,jocelyn13@example.org,Kristin Herman,50,7305017208,127000.0,Finance,2025-03-10
522,jenkinslisa@example.com,Douglas Medina,82,440.956.4465,38000.0,Marketing,2023-12-12
523,fostermelissa@example.com,Adam Jennings,40,965.775.6461x453,66000.0,Finance,2024-08-22
524,rhonda34@example.com,Linda Jenkins,89,(775)918-9471x785,48000.0,Marketing,2024-12-17
525,danielle@invalid,Howard Fisher,45,001-855-900-9745x720,98000.0,Finance,2023-10-27
526,meganhammond@example.org,Mariah Hernandez,37,248.815.5889x359,47000.0,HR,2024-08-10
527,michael45@example.net,Mark Rodriguez,20,900.508.8485,31000.0,HR,2023-07-12
528,jwilson@example.net,April Smith,49,001-603-931-5861x597,126000.0,InvalidDept,2025-03-25
529,paul@invalid,Brianna Phillips,77,526-398-7573x3824,55000.0,HR,2023-12-07
530,cody69@example.org,Judith Macias,90,484.234.2987x35928,97000.0,Engineering,2023-09-14
531,bellis@example.net,Angela Allen,80,688.722.6016x9630,126000.0,Marketing,2024-02-22
532,huynhvincent@example.com,Mrs. Mary Harper,49,477-403-7054,80000.0,Finance,2023-10-13
533,travisjefferson@example.org,Benjamin Nielsen,48,+1-669-617-1498x57874,131000.0,Sales,2024-07-03
534,fward@example.org,Cynthia Burns,77,(379)980-7279x6783,112000.0,Sales,2025-02-20
535,kayla17@example.com,Glen Davies,54,3758742572,123000.0,Engineering,2023-12-18
536,veronicawilson@example.com,Jessica Morrow,23,001-497-510-9756x4101,139000.0,Finance,2023-11-05
537,debravalentine@example.com,John Kaiser,66,001-699-747-3116,72000.0,HR,2024-10-19
538,tyler90@example.org,Kristina Mcintosh,27,927.321.0745x764,96000.0,HR,2024-07-30
539,romanjames@example.org,Cameron Stanley,88,123,94000.0,Engineering,2023-11-11
540,eric60@example.net,Robert Moody,62,+1-809-755-0253,86000.0,Marketing,2024-03-26
541,gina05@example.net,,68,889-404-9697,43000.0,Engineering,2024-03-06
542,lawrencestephens@example.com,Elizabeth Nunez,57,539-259-7224x0746,82000.0,Sales,2023-11-01
543,morrisonjoseph@example.org,Amy Ferguson,32,001-315-938-1663x0489,41000.0,HR,2024-03-08
544,amanda70@example.org,Monica Garrison,37,001-553-673-3776,73000.0,Finance,2025-01-31
545,isaacpetersen@example.org,Andrew Alexander,33,794.649.9644,125000.0,Engineering,2024-08-22
546,gibsonnoah@example.com,Jermaine Collier,74,688-515-2685x3872,104000.0,Engineering,2024-01-04
547,enguyen@example.com,Peter Long,72,862.959.0771x7674,142000.0,Sales,2024-04-15
548,blewis@example.org,Daniel Garcia,124,123,132000.0,Marketing,2023-09-22
549,garrett18@example.net,Michael Brown,59,576-921-3805x0108,,Engineering,2023-11-29
550,debracollins@example.net,Jeanne Allen,43,(988)376-2069x46570,88000.0,Engineering,2023-08-30
551,adrian84@example.org,Kayla Harrison,25,123,82000.0,InvalidDept,2024-10-07
552,meganheath@example.com,Wayne Arnold,83,123,133000.0,Sales,2023-11-19
553,john@invalid,Mary Humphrey,75,327.955.4747x7514,65000.0,Finance,2024-08-01
554,christinemcdonald@example.net,Steven Vega,45,+1-699-284-9585,84000.0,HR,2024-07-27
555,underwoodjesse@example.net,Brian Banks,67,(411)818-9246,52000.0,HR,2023-10-22
556,davislauren@example.org,Lindsay Nelson,74,215-861-4121,49000.0,Engineering,2023-09-29
557,jeremyreed@example.net,Jennifer Evans,71,001-805-880-9264,113000.0,Sales,2024-02-06
558,andrewyork@example.org,William Moore,30,601-987-1299x22420,,Sales,2023-11-20
559,miranda30@example.com,Randy Knight,25,962-541-4551x11152,37000.0,Engineering,2023-09-02
560,brettdavidson@example.org,Mark Caldwell,76,001-274-732-6959x5433,92000.0,Finance,2024-04-09
561,jonlewis@example.com,Taylor Gallagher,72,421-852-8002,83000.0,Sales,2025-05-17
562,wilsonmicheal@example.net,Alan Graves,87,123,108000.0,HR,2024-02-24
563,dawn19@example.net,Carmen Jones,59,123,83000.0,HR,2024-05-16
564,katherine79@example.com,Jennifer Moore,56,001-848-429-0852x1190,38000.0,HR,2023-09-21
565,moorejoan@example.com,Samantha Brown,19,001-735-380-6268x14563,38000.0,Finance,2023-10-17
566,mfarrell@example.org,Kent Gonzalez,24,778-502-4023,75000.0,Sales,2024-01-16
567,vanessa94@example.org,James Becker,73,+1-578-723-6916x28605,80000.0,HR,2025-03-15
568,maryryan@example.com,Julia Richardson,43,+1-544-773-9625,106000.0,Finance,2024-05-04
569,travis97@example.org,Gregory Gibson,21,8817603508,82000.0,HR,2024-02-17
570,vzamora@example.org,Eric Todd,81,697.700.4354x8061,35000.0,Sales,2025-03-13
571,angelascott@example.com,John Taylor,61,+1-648-426-5455x9091,134000.0,Engineering,2023-12-10
572,hdavis@example.net,Michelle Bullock,57,001-656-347-9007,45000.0,Sales,2023-10-13
573,johnsontara@example.org,Bradley Flores,63,123,104000.0,Finance,2025-13-35
574,knightshannon@example.org,Joshua Griffin,61,715-470-8683x07821,124000.0,Marketing,2024-01-09
575,amber68@example.com,Ricky Franco,40,(920)792-6493,63000.0,Finance,2024-10-23
576,heatherbarnett@example.com,Susan Cruz,68,482.216.2198x987,46000.0,Engineering,2025-03-09
577,garciajoseph@example.net,Ashley Avery,20,+1-515-348-2218,38000.0,Finance,2024-03-10
578,cwilliamson@example.net,Robert Roth,71,+1-565-708-4198x523,150000.0,Sales,2024-01-14
579,laura@invalid,Jeffrey Williams,36,978-643-0859x2056,113000.0,Sales,2025-05-28
580,mrobinson@example.com,Michael Brown,79,535.403.4539,36000.0,Sales,2024-07-30
581,christopherbyrd@example.com,Todd Day,57,289-642-1949,60000.0,Engineering,2024-09-14
582,johnhampton@example.org,Jeffrey Salazar,66,(329)890-3952x222,114000.0,Finance,2024-10-11
583,crystaldixon@example.net,Carol Rich,89,508-973-8583x8833,102000.0,HR,2024-09-27
584,beanerik@example.org,Dustin Schneider,48,831.451.5765,42000.0,Marketing,2024-06-13
585,michael26@example.com,Michael Gregory,58,001-819-691-5075x440,113000.0,Marketing,2025-01-25
586,sandrageorge@example.com,Randy Gordon II,32,967-724-1172,55000.0,Sales,2025-02-28
587,zjohnston@example.net,Mary Thomas,73,312.272.4816x9439,141000.0,Finance,2023-11-10
588,owensmariah@example.net,Jacqueline Farmer,75,001-973-245-4039x88635,131000.0,InvalidDept,2024-01-15
589,nunezcourtney@example.net,Christopher Bailey,84,(748)708-1047,111000.0,Sales,2024-12-12
590,gerald38@example.org,Raymond Walker,26,232.931.5916x125,100000.0,HR,2024-08-08
591,kim01@example.net,Donna Henry,53,001-766-604-6833x687,66000.0,Engineering,2024-11-05
592,jennaburton@example.net,Jessica Walker,68,(717)984-4072x48163,54000.0,Engineering,2025-13-35
593,marissaberger@example.net,Ryan Lynch,30,(808)556-4960x680,115000.0,HR,2023-12-21
594,nathan74@example.org,Shawn Tyler,53,898.621.6808,100000.0,Marketing,2025-05-17
595,brycehall@example.org,Jared Mullins,70,(253)498-6331,75000.0,Engineering,2024-07-11
596,rachel@invalid,Ricardo Murphy,59,972.591.5330,104000.0,Engineering,2024-08-10
597,qburton@example.org,Daniel Burns,27,+1-474-662-8486x7130,56000.0,Engineering,2025-04-09
598,keith52@example.org,Autumn Welch,75,442-394-8047x65692,139000.0,Finance,2025-03-02
599,johnsontimothy@example.org,Heather Odom,77,3884660295,116000.0,Engineering,2024-12-23
600,campbellcynthia@example.net,Logan Lopez,28,344-941-2415x40620,123000.0,Marketing,2023-07-07
601,melissa50@example.org,Derek Steele,86,(738)767-7752,36000.0,HR,2024-09-23
602,tmoore@example.net,Krista Burgess,43,450-900-7230x61215,36000.0,Sales,2024-05-07
603,zbennett@example.org,Aaron Wilson,59,001-992-342-0239x216,46000.0,Marketing,2024-10-15
604,jonathansuarez@example.org,Henry Gonzales,85,123,49000.0,HR,2023-11-25
605,joel65@example.org,Theresa Smith,76,5969619820,93000.0,Sales,2024-09-20
606,josephstone@example.org,Michael Smith,85,(751)829-2693,143000.0,Finance,2025-02-26
607,luke59@example.com,Bryce Mcdonald,81,(689)887-3102,112000.0,Engineering,2023-08-23
608,youngtravis@example.net,Anthony Obrien,27,(602)595-3878,97000.0,HR,2024-10-03
609,garciatina@example.com,Chad Leonard,74,258-238-9496x4672,37000.0,Marketing,2025-01-23
610,pfuller@example.net,Steven Baker,26,001-808-744-3790x70178,54000.0,HR,2025-03-27
611,kburns@example.net,David Aguirre,51,775-814-2720x076,57000.0,HR,2024-07-03
612,robert34@example.org,Andrew Wiley,61,(686)324-2544,124000.0,Engineering,2025-05-15
613,brocktara@example.com,,64,9238783974,149000.0,Sales,2024-07-16
614,denise89@example.net,Samuel Jones,41,861-784-5978,43000.0,Engineering,2024-03-11
615,awright@example.com,Benjamin Horton,55,(784)949-8982,143000.0,Finance,2024-01-27
616,karenwatson@example.com,Jennifer Pacheco,19,(333)761-0835x14192,39000.0,Sales,2024-11-01
617,eric20@example.com,Levi Garcia II,37,895-483-1056x888,41000.0,Engineering,2025-05-26
618,raymondluna@example.net,Krista Williams,83,816-699-4183x4170,101000.0,Marketing,2025-05-30
619,nicolerogers@example.net,John Adams,63,001-237-202-0599x6652,41000.0,InvalidDept,2025-04-01
620,hoffmanlori@example.net,Jesus Hall,37,778.308.7912,83000.0,Sales,2025-04-13
621,robinsonrichard@example.net,Ryan Gomez,38,(872)359-5672,41000.0,HR,2024-03-31
622,egilbert@example.org,Donald Fleming,87,+1-218-694-7621x89623,88000.0,Marketing,2023-09-22
623,andrew59@example.org,Timothy Branch,78,(434)856-4334,56000.0,Engineering,2024-03-05
624,lisa@invalid,Richard Diaz,118,377.796.1850x14046,124000.0,Engineering,2024-06-03
625,bakereric@example.com,Jennifer Ward,65,525-991-2002,149000.0,Finance,2025-03-21
626,julia@invalid,Tristan Mejia,87,001-212-542-6082x270,61000.0,Finance,2023-12-07
627,tjames@example.net,Jared Ruiz,30,+1-250-760-4283x3738,51000.0,InvalidDept,2024-04-06
628,nathandavis@example.org,Derek Bryant,86,001-869-769-3160x5084,142000.0,Finance,2025-05-14
629,bmercer@example.com,Abigail Clements,55,+1-378-686-1479x7255,65000.0,Marketing,2023-07-20
630,dferguson@example.net,Dakota Cole,53,123,76000.0,Engineering,2023-08-17
631,gary@invalid,Matthew Rogers,77,766-851-1207,128000.0,Marketing,2024-05-30
632,rebeccaperry@example.org,Stephen Casey,28,611-724-2575x07352,129000.0,Sales,2025-01-20
633,jose15@example.net,Jessica Arellano,85,001-453-330-6485,45000.0,HR,2025-04-22
634,christopherrivera@example.net,Theodore Smith,42,897-845-3067,60000.0,HR,2024-10-03
635,danielle60@example.net,Sarah Lewis,84,266-988-3935x05920,31000.0,Marketing,2025-02-13
636,collierbrian@example.com,James Crawford,42,001-214-951-1764x6339,107000.0,Marketing,2024-12-25
637,ddaugherty@example.org,,42,(604)268-9015x9510,122000.0,Marketing,2024-03-15
638,sanchezkristi@example.org,Ryan Patterson,83,123,61000.0,Marketing,2024-12-20
639,karabowers@example.net,John Burnett,20,001-600-399-1584x994,124000.0,Finance,2023-07-21
640,umarquez@example.com,Hailey Jordan,63,643.884.3473,69000.0,Sales,2023-08-07
641,mayerdonna@example.org,Leah Alvarado,84,001-485-218-9383,115000.0,Marketing,2025-13-35
642,jamestravis@example.com,Joshua James,30,934-230-9355x86914,84000.0,Sales,2025-03-06
643,larrybowen@example.net,Brittney Henderson,53,356.983.0316,119000.0,Marketing,2024-10-04
644,eric85@example.org,Tammy Garcia,39,+1-461-922-2444x60448,74000.0,Sales,2025-01-12
645,ydickerson@example.org,Andrea Smith,58,833.612.6605,92000.0,Marketing,2023-08-28
646,marywebb@example.com,Felicia Stanley,79,+1-707-709-3989,49000.0,HR,2024-09-11
647,timothy39@example.org,Lynn Velasquez MD,26,298-579-4570x7751,118000.0,Finance,2023-09-08
648,breanna52@example.org,Cathy Thompson MD,78,420.250.3396,108000.0,Finance,2025-04-03
649,jose22@example.org,Kenneth Peterson,24,371.830.8317,,Finance,2025-05-17
650,leonard26@example.net,Joel Garner,77,(703)588-9168x474,126000.0,Finance,2023-08-22
651,joshuawalsh@example.com,Robert Hart,47,(572)740-3204,89000.0,Marketing,2023-09-21
652,jennifer03@example.com,Shelby Boyd,53,123,54000.0,Marketing,2025-05-19
653,iruiz@example.org,James Clark,37,500-464-0088x975,145000.0,Sales,2023-10-20
654,christopher@invalid,Eric Henderson,90,(284)932-9324x9592,139000.0,Engineering,2025-03-30
655,fthompson@example.net,Kelly Simpson,90,+1-243-500-0918,79000.0,HR,2024-07-12
656,aaron@invalid,Kimberly Crosby,71,729.895.6589,107000.0,Marketing,2024-11-16
657,tnewton@example.net,Thomas Carter,57,+1-383-408-9366x31320,120000.0,Engineering,2024-08-11
658,kimberlybradley@example.org,Mary Harris,53,123,59000.0,Finance,2024-04-24
659,pflores@example.net,Devin Dyer,54,001-284-973-7846x59259,59000.0,Engineering,2024-06-23
660,timothymueller@example.com,Mallory Perez,34,499-673-8444,126000.0,Sales,2025-01-31
661,paul16@example.net,,69,(373)748-3164,102000.0,Engineering,2023-07-27
662,crystal07@example.org,Margaret Schneider,59,001-473-565-0154x599,148000.0,InvalidDept,2023-07-17
663,donnasanchez@example.net,Stephanie Bridges,86,336-759-8893x075,99000.0,Marketing,2025-06-12
664,xmcdaniel@example.com,Cameron Barnes,87,293-579-8791x21270,84000.0,HR,2024-07-27
665,yfreeman@example.org,Shawn Holt,21,(835)595-6412,140000.0,Finance,2024-11-27
666,robertscott@example.org,Judy Morton,82,+1-533-458-0897x5360,144000.0,Marketing,2024-06-13
667,leslie@invalid,Kristina Ward,68,484-872-3824x57053,31000.0,Engineering,2024-04-11
668,rrichards@example.net,Andrew Mason,78,+1-871-271-7670,74000.0,Marketing,2023-07-12
669,icooley@example.net,Charles Skinner,62,545-235-8222,64000.0,HR,2023-11-15
670,christiansawyer@example.com,Nichole Vasquez,63,+1-648-313-4500x9473,43000.0,HR,2024-12-29
671,joshuareed@example.com,Michael Patterson,40,001-975-453-5217,147000.0,Sales,2025-07-03
672,oharris@example.org,Brittany Watkins,30,001-476-994-5107,67000.0,Marketing,2024-09-27
673,jim@invalid,Maria Ferrell,71,676-552-9682x1434,121000.0,HR,2025-13-35
674,derek42@example.org,Stefanie Rhodes,60,(889)687-5961,74000.0,Marketing,2024-06-26
675,sharon39@example.org,Ms. Carmen Martin,26,+1-610-748-7158,96000.0,Marketing,2024-04-18
676,rthomas@example.net,Scott Mullen,177,373-311-1099,74000.0,Engineering,2024-06-11
677,pamela@invalid,John Hansen,89,(521)845-0620x334,30000.0,Finance,2024-04-13
678,johnsondaniel@example.org,Jennifer Gonzalez,28,001-480-233-4245,70000.0,Finance,2025-03-11
679,fburns@example.com,Theresa Barnes,22,+1-668-418-0539x245,77000.0,Engineering,2024-03-20
680,william16@example.net,Elizabeth Robbins,35,976.283.4220x3511,67000.0,InvalidDept,2025-01-02
681,wclark@example.org,Erin Stout,87,+1-250-663-1082x8573,137000.0,Finance,2024-03-22
682,knightmichelle@example.net,Michelle Turner,20,598.702.6475x531,66000.0,Engineering,2025-07-05
683,msmith@example.com,Chris Briggs,75,+1-509-549-4784x859,49000.0,Finance,2023-12-06
684,brandyharris@example.net,Todd Sullivan,84,754-893-2282,51000.0,HR,2024-02-22
685,perkinsmakayla@example.net,Vincent Rubio,79,+1-691-602-9046x1396,103000.0,Engineering,2023-10-28
686,mark@invalid,Travis Moon,32,001-819-883-1757x518,119000.0,Finance,2023-08-13
687,raymond79@example.net,Kimberly Parker,65,(648)536-3359x3916,144000.0,HR,2025-05-18
688,shannontaylor@example.com,Terry Howard,61,839-638-9710,52000.0,Marketing,2024-05-11
689,karla@invalid,Charles Wright,38,480.861.3408x8714,111000.0,Marketing,2024-08-22
690,barry02@example.org,Anna Knight,38,(654)958-2777x1926,57000.0,Engineering,2025-05-26
691,monroejason@example.com,Danielle Griffin,30,001-997-609-9001x751,43000.0,Sales,2024-04-17
692,fitzgeraldsandra@example.net,Eric Jennings,64,814.832.4242,141000.0,Marketing,2025-05-15
693,rayfrederick@example.net,Brian Hill,62,783-987-3982x823,89000.0,Finance,2025-04-22
694,peterstrevor@example.org,Jerome Frazier,80,975.472.4189,87000.0,Finance,2025-05-28
695,smithjanet@example.org,Julie Wilson,63,001-404-504-7448,45000.0,Finance,2023-07-26
696,anthonyfrancisco@example.com,Melissa Leonard,46,+1-596-885-5791x12095,50000.0,HR,2023-12-26
697,michael@invalid,Sandra Moran MD,76,976-875-6608,,HR,2025-03-24
698,austinbarnes@example.net,Evelyn Hopkins,88,+1-410-778-4792x27948,40000.0,Marketing,2023-10-09
699,qbanks@example.net,Kevin Norris,58,912.527.1581x881,109000.0,Marketing,2023-08-11
700,jacob52@example.net,Amy Garcia,80,001-582-637-8342x85378,51000.0,Sales,2025-03-30
701,christopherjimenez@example.org,Sarah Goodwin,31,503.343.2622,113000.0,Engineering,2024-05-29
702,bakersteven@example.org,Teresa Freeman,72,471.204.8592x2086,37000.0,Engineering,2023-10-17
703,danielmorgan@example.com,Elizabeth Wagner,76,536-804-6204,139000.0,Finance,2025-05-30
704,ashleydaniels@example.net,Michael Rios,75,722.820.1272x469,127000.0,Finance,2023-10-26
705,jamie77@example.com,Mario Wilson,28,894.793.2423x582,47000.0,Finance,2024-09-05
706,abigail02@example.net,Ashley Ward,46,+1-536-452-0493x55670,71000.0,Engineering,2024-01-03
707,julie23@example.com,Samuel Johnston,62,928.599.3467,135000.0,Finance,2025-06-16
708,nicolefoster@example.org,Brianna Murphy,73,7733878897,123000.0,Sales,2023-07-11
709,qwarren@example.com,Vanessa Holden,39,(697)353-4254,116000.0,InvalidDept,2024-04-09
710,bdavis@example.org,Emma Franco,85,591.939.7503,35000.0,HR,2025-05-19
711,allenalicia@example.com,Melinda Crawford,29,123,56000.0,HR,2025-02-02
712,makayla65@example.com,Vanessa Winters,55,913.337.2146x43370,135000.0,Engineering,2025-04-24
713,vreed@example.org,Peter Davis,42,001-736-595-4952x9341,96000.0,HR,2023-09-27
714,sshelton@example.com,Brenda Rivera,65,123,60000.0,Engineering,2024-04-17
715,wwhite@example.net,Haley Wise,68,580.968.9685x6687,51000.0,Marketing,2024-02-19
716,francesoconnor@example.com,Joshua Valentine,47,123,134000.0,Sales,2024-08-05
717,avaughan@example.org,Tyler Andrews,50,615.732.0975,143000.0,HR,2024-06-28
718,uwilliams@example.com,Thomas Norman,90,+1-551-229-1532x086,144000.0,Engineering,2024-09-22
719,brianthomas@example.org,Amy Garza,87,(359)344-6295x3742,65000.0,Finance,2025-06-13
720,eowens@example.com,Frank Swanson,74,+1-498-466-2912x75006,112000.0,Finance,2023-07-28
721,jacqueline51@example.net,Leah Yang,23,(523)574-6766x82420,109000.0,Marketing,2023-10-18
722,janetwheeler@example.org,Heather Martin,82,854-383-1537,80000.0,Engineering,2023-08-17
723,mitchelladams@example.net,Jennifer Zimmerman,32,314-327-1243x151,89000.0,HR,2023-07-12
724,qmoore@example.org,Ms. Amy Nelson,65,9237699195,130000.0,InvalidDept,2023-07-19
725,tracygreer@example.org,Alexis Phillips,73,123,107000.0,Engineering,2025-04-29
726,ulewis@example.net,Rachel Salinas,20,(349)271-5189x01257,116000.0,Finance,2024-01-16
727,christophermercado@example.net,Lisa Moore,67,760.754.0452x96526,63000.0,Engineering,2024-03-20
728,melissarivers@example.org,Melissa Davis,33,001-902-731-1233x7622,43000.0,Marketing,2025-01-16
729,beth44@example.net,David Lewis,46,215.941.3204,64000.0,Engineering,2025-01-19
730,chuffman@example.net,David Anderson,72,899-924-4637x058,50000.0,Engineering,2024-12-13
731,walkerjulie@example.org,Taylor Romero,71,(983)299-0684,147000.0,Marketing,2023-09-15
732,daniel56@example.org,,38,207-399-3134x4079,87000.0,HR,2024-10-08
733,irichardson@example.org,Yvonne Butler,29,(656)239-5979,145000.0,Sales,2024-06-17
734,crossrachel@example.net,Juan Mcclure,46,960.826.8592x286,99000.0,Engineering,2024-01-05
735,svaldez@example.org,Joshua Martinez,64,826.211.6438x4237,88000.0,Finance,2025-05-28
736,pruitteric@example.com,Nancy Reeves,141,977-241-3246x0621,123000.0,Finance,2023-09-21
737,gphillips@example.org,Amber Allison,19,001-257-313-6343x6902,64000.0,Marketing,2023-08-23
738,acameron@example.net,Sarah Stephenson,54,(724)328-8537x4099,50000.0,Engineering,2023-08-05
739,michaelmorgan@example.org,Kristin Bolton,45,+1-288-621-0821,134000.0,HR,2024-08-26
740,tyrone78@example.com,Katelyn Jones,64,123,120000.0,HR,2024-04-11
741,kevinhall@example.com,George Curtis,59,123,133000.0,Marketing,2023-08-01
742,katelyn@invalid,Thomas Martin,61,001-450-746-9053x7740,103000.0,HR,2023-07-27
743,webbluke@example.com,Danielle Campbell,71,123,114000.0,Sales,2024-03-08
744,lsnyder@example.net,Anthony Erickson,18,546.762.7817,105000.0,Marketing,2024-09-13
745,browland@example.net,Joseph Doyle,42,759-691-9307,136000.0,Marketing,2025-01-19
746,lynn59@example.com,Jennifer Smith,60,123,49000.0,Sales,2025-03-16
747,gross@example.org,Lisa Cortez,41,788-658-1639x2164,65000.0,HR,2024-03-14
748,znelson@example.com,Jordan Price,29,357-623-4072x5965,139000.0,Engineering,2023-07-21
749,darrellrobinson@example.net,Jeffrey Sanchez,29,123,111000.0,Marketing,2025-06-06
750,amandacarter@example.com,David Yu,65,(269)939-2018,147000.0,Finance,2025-01-23
751,mmorton@example.net,Micheal Combs,39,537.244.6962,94000.0,Finance,2025-01-14
752,john26@example.net,Stacey Bishop,49,316.672.1442x04412,78000.0,Marketing,2025-01-06
753,hailey@invalid,Regina Navarro,80,816.712.7389x24041,56000.0,Sales,2024-11-08
754,donaldhowell@example.net,Michelle Burns,50,5189863397,109000.0,HR,2023-12-29
755,fernandohendrix@example.net,Jeffrey Scott,31,623-909-0609,99000.0,Sales,2024-08-08
756,vtaylor@example.com,Michael Morris,39,244-641-6857x523,49000.0,Finance,2025-06-12
757,samuellee@example.com,Sean Wilcox,90,001-814-517-3009x183,67000.0,Marketing,2023-11-05
758,terrychristopher@example.org,James Mcintyre,52,+1-770-380-9742x163,118000.0,Sales,2024-06-30
759,dlewis@example.com,Robyn Faulkner,71,318.377.3054x6711,109000.0,Sales,2025-06-07
760,vmiller@example.net,Karen Moore,57,+1-811-788-5274x4766,38000.0,Sales,2024-11-30
761,aholmes@example.com,Mr. Ryan Kline,86,+1-570-303-9540x58281,72000.0,Marketing,2023-12-12
762,regina@invalid,Wayne Pugh,61,+1-352-695-8208x2141,105000.0,HR,2025-06-20
763,craig55@example.com,Paula Mueller,59,6397831944,106000.0,Engineering,2025-06-17
764,john66@example.org,William Rojas,32,123,63000.0,HR,2024-11-04
765,brandonjohnson@example.com,Kyle Galloway,36,+1-710-260-1979x1151,147000.0,Finance,2024-05-13
766,clairemelton@example.com,Chelsea Parker,58,001-328-589-2497x429,119000.0,Engineering,2024-05-04
767,wheelerdaniel@example.net,Edward Johnson,55,6262923312,98000.0,Sales,2024-12-16
768,alice59@example.org,David King,44,001-274-971-2725x024,99000.0,Finance,2023-09-26
769,mjohnson@example.com,Steven Delgado,18,948.461.3794x65583,142000.0,HR,2025-01-02
770,kevin23@example.net,Michelle Hickman,47,564.788.5165x43455,146000.0,Engineering,2023-07-27
771,nicholas@invalid,Jamie Conley,31,264.361.3965x47525,92000.0,Sales,2024-02-15
772,delacruzshelly@example.org,Carl Wagner,56,123,32000.0,Finance,2024-06-21
773,brian@invalid,Alyssa Oneal,58,976.966.9220,88000.0,Marketing,2024-11-12
774,danielalvarez@example.org,Lori Bautista,68,(724)274-6855x62180,83000.0,Marketing,2024-02-01
775,robertomiranda@example.org,Mrs. Allison Watkins,70,001-837-763-3505,74000.0,HR,2025-13-35
776,raymondkevin@example.com,Calvin Johnson,42,(999)669-1190x20832,36000.0,Engineering,2024-01-24
777,megan16@example.org,Olivia Harper,23,001-775-915-4694x690,64000.0,HR,2024-10-20
778,robert@invalid,,80,421-506-2463x4742,76000.0,Marketing,2025-01-18
779,duarterobert@example.net,Amy Perry,19,(994)419-2214x35142,91000.0,HR,2023-07-21
780,mcleandavid@example.com,Daniel Adams DVM,36,727-979-5539,74000.0,Engineering,2023-08-25
781,oochoa@example.org,Jennifer Austin,61,365-566-1675,32000.0,Sales,2024-01-10
782,lindagarcia@example.org,Kenneth Moss,42,(728)376-8106x126,70000.0,Finance,2025-01-03
783,jesusbailey@example.net,Emma Mueller,81,598-922-8129,140000.0,Finance,2024-12-18
784,bcarroll@example.net,Brandon Quinn,50,232.761.4003x76190,31000.0,HR,2024-03-05
785,shelley@invalid,Sean Martinez,68,661-371-8263,92000.0,Finance,2025-03-01
786,tracy@invalid,Sandra Griffith,35,+1-222-902-6427,30000.0,Finance,2025-04-17
787,stephengibson@example.com,Matthew Powell,61,995-452-2516x049,110000.0,HR,2023-12-15
788,susan97@example.com,William Yates,36,+1-444-781-2161x1250,138000.0,Finance,2024-08-31
789,smithjeremy@example.net,Timothy Kerr,43,001-634-449-0032,45000.0,Sales,2024-12-03
790,stephanie37@example.com,Melinda Humphrey,27,+1-719-594-0026x221,87000.0,Marketing,2025-06-07
791,matthew60@example.com,Emily Richardson,34,(282)703-0498x727,128000.0,HR,2024-12-15
792,arroyoethan@example.org,Tonya Thompson,46,(467)642-3176,58000.0,Marketing,2023-09-12
793,fgomez@example.org,Alyssa Scott,72,+1-342-852-7173x08181,,Marketing,2025-03-03
794,mcdonaldmegan@example.net,William Curry,41,752-396-6535x5514,75000.0,Finance,2024-08-07
795,robertszoe@example.net,Jessica Blackburn,19,(800)973-8387,144000.0,InvalidDept,2024-09-01
796,murraychristopher@example.net,Michelle Rivera,73,970-467-2668x683,53000.0,InvalidDept,2025-04-29
797,ashleyjohnson@example.com,Renee Stevens,85,605.716.7715,67000.0,Engineering,2025-03-23
798,phelpstammy@example.org,Bradley Delacruz,44,+1-419-485-6385x8232,63000.0,Marketing,2024-10-04
799,pamela39@example.com,Mercedes Huff,89,644-824-8577x2193,,Finance,2023-08-09
800,schroedergregory@example.net,Jessica Vega,85,123,137000.0,Sales,2023-08-07
801,brenda57@example.org,Dana Rodriguez,52,123,96000.0,HR,2025-06-21
802,rushmarie@example.org,,90,897-503-5131x81652,150000.0,Engineering,2025-05-25
803,gescobar@example.net,Philip Burch,-5,226-947-2293x300,106000.0,Sales,2024-10-13
804,russellkim@example.net,,31,123,68000.0,Marketing,2025-05-01
805,daniel@invalid,Donna Ball,131,4134257824,35000.0,HR,2024-11-27
806,julie93@example.com,Tonya Williams,46,997.373.3965x748,64000.0,Marketing,2024-02-15
807,ericsmall@example.net,Andrea Knight,28,+1-278-983-2794x4589,41000.0,Marketing,2024-10-09
808,melissa@invalid,Brittany Smith,50,573-798-3874,144000.0,InvalidDept,2025-06-24
809,lisa25@example.net,Alejandro Henson,71,704.426.6865x0101,135000.0,Finance,2023-12-09
810,ebony@invalid,,87,(894)510-5700,76000.0,Engineering,2023-11-13
811,wmcclure@example.net,Sean Clark,82,(409)727-9715x273,40000.0,Sales,2025-01-19
812,peter56@example.net,Sharon Pollard,52,(831)702-4246x1504,103000.0,Engineering,2024-09-28
813,laurie@invalid,Latasha Grant,66,(307)212-9625x002,144000.0,Finance,2024-01-30
814,xsandoval@example.net,Emily Stanley,76,428-499-2061x988,135000.0,Sales,2024-11-30
815,zdavis@example.com,David Kidd,70,123,113000.0,Marketing,2025-05-22
816,rodriguezjamie@example.org,Bethany Chan,79,784-648-1991x8638,101000.0,Marketing,2024-02-21
817,vgarcia@example.com,Shannon Ramos,83,123,81000.0,Sales,2024-04-19
818,dellis@example.net,Diane Powell,34,275.280.4170,31000.0,Finance,2023-09-02
819,bruceeaton@example.com,Joseph Collins,66,405.865.1813,128000.0,Sales,2024-02-19
820,mwalsh@example.com,Carolyn Carter,51,001-709-559-3869x270,36000.0,HR,2024-10-01
821,fostertoni@example.org,Eric Simpson,84,001-955-221-1739x2371,,Sales,2024-01-06
822,wdavis@example.com,Richard Gonzalez,62,123,131000.0,Finance,2025-05-27
823,michael@invalid,Tracey Taylor,60,001-227-618-9471x52512,147000.0,HR,2025-03-23
824,fsmith@example.com,Shane Kelley,56,2789495715,83000.0,HR,2024-02-04
825,rwagner@example.com,Jennifer Wright,38,(437)504-2120x66021,81000.0,HR,2025-13-35
826,laurensmith@example.org,Kelsey Morse,46,552.316.4095x95187,131000.0,Engineering,2024-05-20
827,christopher05@example.com,Corey Maddox,79,123,32000.0,Finance,2025-04-10
828,herrerajames@example.com,Christine Zavala,28,814.890.4001x49789,116000.0,Marketing,2024-08-15
829,leachcheryl@example.com,Tracy Castillo,51,459-693-7151x026,131000.0,Sales,2025-04-13
830,tamarafranklin@example.com,,27,319-421-2314x46071,104000.0,HR,2025-06-01
831,ggreen@example.org,Gary Brown,71,323.617.1394x222,117000.0,Finance,2025-13-35
832,ryan51@example.org,Kimberly Mason,81,+1-208-333-2346x4614,137000.0,HR,2024-02-03
833,ortizjack@example.com,Brett Park,63,123,50000.0,Sales,2024-04-24
834,peter@invalid,William Molina,36,+1-524-521-0327,94000.0,Finance,2024-08-07
835,nathan@invalid,Denise Schmidt,34,(978)818-8732x114,90000.0,Finance,2024-12-03
836,zguerrero@example.org,John Wright,41,+1-680-969-9008,138000.0,Engineering,2023-08-06
837,gpeterson@example.net,Destiny Rodriguez,54,(513)696-1001x82014,101000.0,Sales,2024-01-02
838,bennettjoseph@example.org,Karen Villarreal,29,677-209-3369x516,46000.0,Sales,2024-02-04
839,qjones@example.org,Deborah Lewis,65,628.385.5114,81000.0,Marketing,2024-08-18
840,charlesrodriguez@example.com,Christina Patterson,57,001-474-215-4296x08946,131000.0,Marketing,2024-08-06
841,daniel86@example.com,Jack Bruce,30,+1-674-623-8008x508,90000.0,Sales,2024-09-05
842,ethanmoore@example.org,Elizabeth Smith,177,250-416-9027x652,72000.0,Marketing,2024-06-18
843,umoore@example.org,Alicia Jones,47,(808)759-6346x930,39000.0,Finance,2025-02-20
844,alyssanichols@example.com,,41,547-842-1595,85000.0,Engineering,2024-12-09
845,bryan16@example.net,Olivia Thomas,86,(581)533-9549,47000.0,Marketing,2025-02-15
846,melanie03@example.net,Kevin Jenkins,22,461-753-2095,112000.0,Finance,2024-01-20
847,barrycook@example.org,Sylvia Marshall,79,574-489-3940x817,118000.0,Marketing,2024-02-10
848,xrobbins@example.net,Madison Williams,27,123,110000.0,Marketing,2024-08-05
849,clementsjonathan@example.org,Shane Bates,43,+1-467-832-2957x99120,99000.0,HR,2024-06-01
850,charles@invalid,Kathleen Thompson,57,3088097830,36000.0,Engineering,2024-06-17
851,dlara@example.com,Kimberly Williams,10,204.540.0388x35959,45000.0,Finance,2023-09-26
852,james02@example.com,Kelly Mills,46,370.539.0000x574,86000.0,Engineering,2024-05-26
853,james@invalid,Christopher Reyes,63,+1-653-547-5509x72866,77000.0,Engineering,2024-07-12
854,garrisonashley@example.com,Stephanie Smith,87,123,72000.0,HR,2025-01-23
855,martinezmichael@example.org,Christopher Hartman,69,+1-822-753-7608x561,88000.0,Sales,2025-13-35
856,meyerkristen@example.net,Ashley Watson,44,210-541-6554,142000.0,Finance,2025-05-07
857,ssanchez@example.org,,45,+1-253-722-2709,150000.0,Engineering,2024-05-02
858,ashleyperez@example.net,Kyle Nunez,50,(412)631-9062,91000.0,Engineering,2025-03-14
859,barbara17@example.net,Danny Cooke MD,28,(644)819-2042x4873,66000.0,Finance,2023-11-12
860,evanrichardson@example.com,Jenny Jennings,50,(277)411-2242,85000.0,Marketing,2024-08-29
861,jonathanstevenson@example.org,Michael Wagner,29,290.332.7402,43000.0,HR,2024-09-06
862,david17@example.com,Jared Clayton,81,001-261-857-5347,94000.0,Finance,2023-11-11
863,carterkelly@example.net,Mark Parker,59,(402)477-7425,46000.0,Marketing,2024-05-18
864,johnsontracey@example.org,Edward Howe,64,744-591-6811x61156,35000.0,Sales,2025-01-16
865,lopezdaniel@example.com,Christy Jones,21,(384)688-1591,38000.0,Engineering,2024-08-27
866,dbrown@example.com,Kathy Clark,81,3026274834,140000.0,Finance,2023-09-10
867,ronald77@example.com,Donna Shea,59,9047891628,64000.0,HR,2024-12-03
868,goldenjacob@example.net,Anthony Sandoval,83,(338)444-3117,65000.0,InvalidDept,2024-05-11
869,mark10@example.com,Nancy Fowler,36,401.349.4520x65354,115000.0,HR,2023-12-25
870,campbellchristina@example.org,Joan Bailey,74,225-210-3609,54000.0,Finance,2024-11-28
871,aaron21@example.com,Roy Trujillo,69,753-552-6398,108000.0,Finance,2025-03-03
872,cervanteskelly@example.net,Tara Pierce,30,759-840-1525,73000.0,Sales,2024-07-10
873,mosleyderrick@example.com,Daniel Rivera,76,(538)378-9546,60000.0,Engineering,2024-10-29
874,mooresamantha@example.org,Amanda Rich,20,+1-723-391-1827,101000.0,Engineering,2025-02-12
875,mariemartinez@example.com,Jeremy Brown,20,6392717966,148000.0,Finance,2024-03-11
876,brianowens@example.com,Tony Knight,34,654-663-7650x69355,145000.0,Sales,2024-08-16
877,katie71@example.net,Jennifer Shaffer,23,725.621.3388x55854,45000.0,Marketing,2024-10-06
878,ajones@example.net,Margaret Robles,50,(819)574-9618x9023,37000.0,HR,2024-01-09
879,gburns@example.org,Roberta Parrish,37,123,38000.0,Engineering,2023-10-24
880,crystalmiller@example.com,Tara Kent,58,+1-709-376-2574x281,,Sales,2025-01-10
881,poncedanielle@example.net,Mark Hahn,63,237-408-9868x90633,77000.0,Engineering,2025-06-15
882,ortegadestiny@example.org,John Green MD,197,3789967016,38000.0,Marketing,2024-08-18
883,alyssawade@example.net,Patricia Brown,33,871.299.8092,126000.0,Marketing,2023-07-15
884,darlenekline@example.net,Brandi Lyons,75,(368)706-4589,121000.0,HR,2025-01-21
885,millereric@example.com,Dawn Lyons,76,613-447-9792x4238,133000.0,Finance,2023-08-07
886,jholland@example.net,Christina Morales,87,(483)285-7836,51000.0,Finance,2024-07-14
887,fhowell@example.com,William Arnold,63,(971)505-3950x10382,46000.0,Marketing,2025-04-25
888,esmith@example.net,Denise Harding,54,756.384.6412x688,,HR,2023-08-24
889,crawfordwendy@example.org,,57,123,128000.0,Marketing,2024-11-26
890,jonesmichael@example.org,Gilbert Erickson,60,001-367-455-0102x38728,41000.0,HR,2023-08-13
891,gardnerkathleen@example.net,Gloria Richardson,36,123,84000.0,HR,2023-07-20
892,anitaknight@example.com,Patricia Taylor,64,+1-337-214-5934,32000.0,Engineering,2024-06-26
893,anitaknight@example.com,Arthur Johnson,49,001-456-230-4330,60000.0,Finance,2025-06-13
894,phaley@example.org,Anne Mccoy,30,899.232.6944,64000.0,HR,2023-09-04
895,patricksmith@example.com,Sherri Lopez,51,867.222.9881,110000.0,HR,2024-01-26
896,skinnermichael@example.net,Andrea Kennedy,81,8733339636,135000.0,Marketing,2024-05-05
897,mreynolds@example.org,Eric Morrison,83,470.715.8201,109000.0,Marketing,2025-13-35
898,asantos@example.net,Hannah Reynolds,79,(638)595-6516,70000.0,Engineering,2024-11-04
899,kimberly@invalid,Nicholas Horne,67,001-816-274-8555x24294,48000.0,Finance,2023-07-15
900,valenciarhonda@example.com,Erica Fisher,34,759-844-0266,102000.0,Marketing,2024-08-06
901,russelljustin@example.org,Hannah Hahn,86,001-279-501-9401x42388,76000.0,Sales,2023-12-10
902,maryhenderson@example.org,Daniel West,48,830.636.8236,72000.0,Marketing,2023-07-23
903,tyler@invalid,Tiffany Moreno,18,(516)619-8053x077,133000.0,HR,2023-10-13
904,michaela48@example.org,Michael Fleming,46,+1-411-318-6703x3691,92000.0,Finance,2025-04-07
905,matthew@invalid,Shannon Lee,36,753.844.8498x3620,118000.0,InvalidDept,2024-04-17
906,sharon61@example.com,Stephanie Barnett,62,417.752.0274x86885,140000.0,Marketing,2024-06-19
907,jamesstone@example.net,Robert Brown,55,581.246.1033x6004,94000.0,Marketing,2024-02-04
908,mrussell@example.net,Stacey Durham,32,(957)438-5546x935,107000.0,HR,2023-11-06
909,wlara@example.org,Elizabeth Miranda,50,334-524-0893x362,54000.0,Marketing,2023-08-08
910,rowelisa@example.net,Nicole Hutchinson,78,7795391474,72000.0,HR,2023-07-16
911,perezkimberly@example.net,Michael Bell,87,8323566996,53000.0,Finance,2023-10-17
912,xherring@example.org,Jennifer Alvarado,34,123,45000.0,Engineering,2023-10-01
913,maciaswilliam@example.net,Kaylee Perkins,63,001-864-604-3130,126000.0,Finance,2023-09-16
914,jaredday@example.com,Tara Mcintyre,34,001-822-899-8673x9770,99000.0,Sales,2024-01-12
915,evan43@example.com,Heather Cox,28,(970)831-0266x5551,43000.0,Finance,2023-10-08
916,rogeroliver@example.com,Kevin Cruz,34,+1-393-226-3923x9015,102000.0,Engineering,2024-09-04
917,reidbonnie@example.org,Martin Taylor,57,(364)508-3191x0978,35000.0,HR,2023-09-23
918,scottdaniel@example.org,Laura Cross,63,3739097260,30000.0,Sales,2024-10-20
919,daytracy@example.com,Tiffany Lewis,79,(298)849-8788,109000.0,HR,2025-06-21
920,loveraymond@example.org,Robert Garcia,24,7474538556,43000.0,Marketing,2024-11-25
921,maria92@example.net,Richard Bryan,80,878.375.1957,73000.0,Sales,2024-03-25
922,bartlettkristy@example.net,Karen Griffin,27,686-319-1902x8042,49000.0,Engineering,2024-12-26
923,tburns@example.net,Matthew Miller,58,702.472.8200x1275,130000.0,HR,2023-10-01
924,juan@invalid,Victoria Anderson,77,393.534.9524,89000.0,Engineering,2024-06-12
925,kathleenjohnson@example.com,Norma Bailey,40,123,69000.0,Sales,2024-10-24
926,david48@example.org,Jessica Case,43,(825)369-1280,64000.0,Finance,2023-08-28
927,audreyconner@example.com,Amy Allen,22,871.357.0568x3698,50000.0,HR,2024-07-08
928,mcmillandaniel@example.org,John Wood Jr.,46,406-304-2787x694,111000.0,Marketing,2023-12-29
929,peter@invalid,Robert Henry,64,+1-824-366-6897,134000.0,Engineering,2024-03-19
930,lindaflores@example.com,Kevin Anderson,55,(465)544-6050,91000.0,Sales,2024-09-28
931,lcabrera@example.com,Kendra Robbins,22,+1-734-225-5749x1658,123000.0,Engineering,2024-06-21
932,vargasbrian@example.com,Allison Espinoza,26,+1-486-642-8414x46344,125000.0,Finance,2023-10-17
933,yrivera@example.org,Scott Peters,46,(637)689-2531x0657,104000.0,Finance,2024-02-27
934,randallwilliams@example.com,,32,349.459.5975,116000.0,Engineering,2024-06-28
935,gardneranthony@example.net,April Berry,28,+1-519-717-4973,33000.0,Finance,2025-13-35
936,jennifer88@example.com,Ivan Jimenez,37,322.528.1992,87000.0,Engineering,2024-05-02
937,michellewright@example.net,,89,123,34000.0,Sales,2023-08-29
938,shannon@invalid,Matthew Ferguson,27,+1-554-911-6643x209,53000.0,Sales,2025-02-18
939,rjuarez@example.com,Kevin Anderson,48,001-987-271-7126x708,112000.0,Marketing,2024-09-17
940,quinnsamantha@example.net,Garrett Martinez,90,(230)458-0377x9913,86000.0,Engineering,2023-07-17
941,richard17@example.net,Juan Fisher,46,6362252618,63000.0,Sales,2023-08-08
942,silvakatherine@example.com,Ronald Scott,53,(349)253-5442x74623,72000.0,HR,2024-06-12
943,orodriguez@example.org,Richard Hernandez,56,2459271175,,Sales,2024-12-25
944,james12@example.com,Erika Anderson,62,+1-200-362-6327x268,32000.0,Sales,2023-10-27
945,peter81@example.org,Kristen Bridges,78,(447)426-7147x615,50000.0,Finance,2025-06-09
946,david33@example.org,Jose Curtis,59,2427567477,126000.0,HR,2024-01-25
947,martindonna@example.com,Richard Allen,46,6948535288,58000.0,Sales,2023-09-20
948,marshallcatherine@example.com,Courtney Rhodes,74,546-656-5156x4497,52000.0,Sales,2025-02-27
949,lisalawrence@example.net,Matthew Oliver,50,751.802.4014x13991,123000.0,Engineering,2024-08-17
950,rosemichael@example.com,Mary King,30,764-422-1121x172,83000.0,HR,2025-02-21
951,daniel@invalid,Jennifer Harris,175,991-793-2790,147000.0,Marketing,2025-02-21
952,christopher58@example.net,Doris Little,18,657.944.6774x67858,109000.0,Marketing,2025-01-17
953,olivia55@example.com,Megan Ritter,54,793.770.7990x309,56000.0,Engineering,2025-05-11
954,jennifer38@example.net,John Johnson,24,+1-394-555-7198,38000.0,Sales,2024-09-01
955,valerie@invalid,Abigail Diaz,54,795-808-6620,79000.0,Marketing,2023-09-03
956,michelle@invalid,Ronnie Cunningham,38,123,40000.0,Marketing,2023-09-21
957,twhitney@example.net,Brenda Fisher,45,(595)635-6009,108000.0,Marketing,2024-01-26
958,victoriajones@example.com,Ms. Taylor Lynch,38,540.848.1222x001,79000.0,Finance,2024-04-08
959,joann38@example.org,Danielle Taylor,75,123,82000.0,Finance,2024-01-11
960,david02@example.net,Robert Fuller,26,656.869.9572,60000.0,Sales,2023-08-28
961,abrown@example.com,,25,001-570-813-0314x313,61000.0,Engineering,2023-11-13
962,jameswilliams@example.com,Mr. Brian Evans PhD,46,746.699.2784x98617,95000.0,Marketing,2024-12-27
963,frederickchristy@example.net,Connie Weaver,79,001-983-858-3862x59131,,Sales,2023-09-18
964,jason46@example.com,Mrs. Kimberly Waters,25,001-269-640-4774x8764,132000.0,Engineering,2024-03-17
965,erika17@example.org,Troy Pearson,54,+1-768-468-0082,81000.0,Sales,2024-05-31
966,jcook@example.net,Vanessa Adkins,50,123,55000.0,Finance,2023-12-17
967,elevy@example.net,Kim Ross,27,001-349-594-3148x2884,130000.0,HR,2024-05-08
968,donald@invalid,Janet Moore,22,001-961-769-3165x932,150000.0,Sales,2025-03-19
969,hgross@example.com,Ryan Cole,87,001-686-813-3596x604,131000.0,Engineering,2023-09-23
970,leonardadam@example.com,Michele Knapp,82,001-590-466-6139x15360,67000.0,HR,2024-12-18
971,craig55@example.net,Amy Underwood,41,603.328.5104,104000.0,Sales,2025-03-24
972,svincent@example.net,Laurie Garcia,32,+1-806-807-0909,84000.0,HR,2024-07-16
973,jacob11@example.org,Stacey Shaw,53,248-477-5402x561,120000.0,Engineering,2024-12-23
974,ofisher@example.org,Hannah Miller,23,436-346-7458,100000.0,Sales,2025-06-12
975,blackmeagan@example.org,Caroline Bowman,75,428-797-0496,56000.0,Finance,2025-02-26
976,gloriawhite@example.org,Kelly Miller,54,+1-227-633-3790,105000.0,Finance,2024-07-27
977,zunigachristopher@example.com,Kathy Michael,86,001-405-495-3540x820,102000.0,Marketing,2023-11-16
978,taylorbuckley@example.org,Brett Sellers,77,350.947.9479x1508,75000.0,Engineering,2024-02-07
979,darrell95@example.com,Amy Anderson,88,217.496.6785x62893,39000.0,HR,2024-06-24
980,hallmichael@example.com,Matthew Hernandez,18,6716589786,105000.0,HR,2025-02-21
981,michael22@example.net,David Pena DVM,72,273-600-8819,121000.0,Sales,2025-02-14
982,zacharystevenson@example.com,Chase Pierce,36,900-881-4441x767,,Sales,2025-04-20
983,jjohnson@example.org,Judy Bell,81,123,143000.0,HR,2023-12-20
984,robert@invalid,Christopher Davis,22,001-761-978-3196x769,98000.0,Marketing,2025-03-27
985,bradshawdavid@example.org,Tiffany Smith,48,123,113000.0,Finance,2024-06-12
986,bradshawdavid@example.org,Ronald Valenzuela,56,001-711-656-8517x34313,75000.0,Marketing,2023-11-02
987,eevans@example.org,Donna Ritter,86,8775019240,45000.0,HR,2025-03-24
988,stephanie46@example.org,Raymond Nichols,76,586-232-4794,122000.0,Sales,2024-07-02
989,mosesjonathan@example.net,Christopher Rodriguez,89,(696)578-3845x570,81000.0,Engineering,2024-10-20
990,petersdylan@example.com,Dakota Oneal,42,403.615.2640,138000.0,Marketing,2025-06-30
991,andrew22@example.com,Lee Peters,76,652-883-8216x788,109000.0,Marketing,2023-09-28
992,julianwilliams@example.org,Kathleen Williams,200,405-455-3908x0407,83000.0,Engineering,2024-09-22
993,carly65@example.net,Dennis Brooks,26,(901)955-0306x5418,64000.0,HR,2024-03-01
994,jeffery07@example.net,Shawn Duffy,39,304-884-6447x77179,46000.0,Marketing,2024-06-16
995,samuelgarcia@example.com,Zoe Sanders,61,4522630664,83000.0,Finance,2023-09-27
996,jennifer81@example.org,George Harris,65,+1-693-934-7517x5770,76000.0,Sales,2025-01-06
997,rscott@example.org,Brian Rodriguez DDS,80,8664789309,84000.0,Marketing,2023-11-01
998,stoneandrew@example.net,Robert Shields,62,123,113000.0,HR,2024-06-20
999,fsmith@example.org,Kimberly Smith,53,431-489-7329x5824,104000.0,HR,2025-04-07
1000,susan03@example.net,Austin Brooks,75,295-320-2544x9698,98000.0,Marketing,2024-05-02
